5,https://www.fifaindex.com/static/FIFA17/images/crest/50/light/243.png,Real Madrid,Liga BBVA,86
5,https://www.fifaindex.com/static/FIFA17/images/crest/50/light/21.png,FC Bayern,Bundesliga,86
5,https://www.fifaindex.com/static/FIFA17/images/crest/50/light/241.png,FC Barcelona,Liga BBVA,85
5,https://www.fifaindex.com/static/FIFA17/images/crest/50/light/45.png,Juventus,Serie A TIM,84
5,https://www.fifaindex.com/static/FIFA17/images/crest/50/light/11.png,Manchester Utd,Barclays PL,83
5,https://www.fifaindex.com/static/FIFA17/images/crest/50/light/5.png,Chelsea,Barclays PL,83
5,https://www.fifaindex.com/static/FIFA17/images/crest/50/light/1.png,Arsenal,Barclays PL,83
5,https://www.fifaindex.com/static/FIFA17/images/crest/50/light/10.png,Manchester City,Barclays PL,83
5,https://www.fifaindex.com/static/FIFA17/images/crest/50/light/240.png,AtlÇtico Madrid,Liga BBVA,83
5,https://www.fifaindex.com/static/FIFA17/images/crest/50/light/73.png,PSG,Ligue 1,83
5,https://www.fifaindex.com/static/FIFA17/images/crest/50/light/400000.png,None,Ligue 1,83
4.5,https://www.fifaindex.com/static/FIFA17/images/crest/50/light/22.png,Bor. Dortmund,Bundesliga,82
4.5,https://www.fifaindex.com/static/FIFA17/images/crest/50/light/18.png,Spurs,Barclays PL,81
4.5,https://www.fifaindex.com/static/FIFA17/images/crest/50/light/9.png,Liverpool,Barclays PL,81
4.5,https://www.fifaindex.com/static/FIFA17/images/crest/50/light/48.png,Napoli,Serie A TIM,81
4.5,https://www.fifaindex.com/static/FIFA17/images/crest/50/light/44.png,Inter,Serie A TIM,81
4.5,https://www.fifaindex.com/static/FIFA17/images/crest/50/light/481.png,Sevilla FC,Liga BBVA,81
4.5,https://www.fifaindex.com/static/FIFA17/images/crest/50/light/7.png,Everton,Barclays PL,80
4.5,https://www.fifaindex.com/static/FIFA17/images/crest/50/light/175.png,VfL Wolfsburg,Bundesliga,80
4.5,https://www.fifaindex.com/static/FIFA17/images/crest/50/light/32.png,Bayer 04,Bundesliga,80
4.5,https://www.fifaindex.com/static/FIFA17/images/crest/50/light/52.png,Roma,Serie A TIM,80
4.5,https://www.fifaindex.com/static/FIFA17/images/crest/50/light/483.png,Villarreal CF,Liga BBVA,80
4.5,https://www.fifaindex.com/static/FIFA17/images/crest/50/light/66.png,Olym. Lyonnais,Ligue 1,79
4.5,https://www.fifaindex.com/static/FIFA17/images/crest/50/light/448.png,Athletic Bilbao,Liga BBVA,79
4.5,https://www.fifaindex.com/static/FIFA17/images/crest/50/light/23.png,Bor. M'gladbach,Bundesliga,79
4.5,https://www.fifaindex.com/static/FIFA17/images/crest/50/light/461.png,Valencia CF,Liga BBVA,79
4.5,https://www.fifaindex.com/static/FIFA17/images/crest/50/light/234.png,SL Benfica,Liga NOS,79
4.5,https://www.fifaindex.com/static/FIFA17/images/crest/50/light/1806.png,Stoke City,Barclays PL,79
4.5,https://www.fifaindex.com/static/FIFA17/images/crest/50/light/236.png,FC Porto,Liga NOS,79
4.5,https://www.fifaindex.com/static/FIFA17/images/crest/50/light/34.png,FC Schalke 04,Bundesliga,79
4.5,https://www.fifaindex.com/static/FIFA17/images/crest/50/light/237.png,Sporting CP,Liga NOS,79
4.5,https://www.fifaindex.com/static/FIFA17/images/crest/50/light/400000.png,None,Liga NOS,79
4,https://www.fifaindex.com/static/FIFA17/images/crest/50/light/1799.png,Crystal Palace,Barclays PL,78
4,https://www.fifaindex.com/static/FIFA17/images/crest/50/light/19.png,West Ham,Barclays PL,78
4,https://www.fifaindex.com/static/FIFA17/images/crest/50/light/95.png,Leicester City,Barclays PL,78
4,https://www.fifaindex.com/static/FIFA17/images/crest/50/light/100769.png,Zenit,Russian League,78
4,https://www.fifaindex.com/static/FIFA17/images/crest/50/light/47.png,Milan,Serie A TIM,78
4,https://www.fifaindex.com/static/FIFA17/images/crest/50/light/110374.png,Fiorentina,Serie A TIM,78
4,https://www.fifaindex.com/static/FIFA17/images/crest/50/light/327.png,Be?ikta?,SÅper Lig,78
4,https://www.fifaindex.com/static/FIFA17/images/crest/50/light/46.png,Lazio,Serie A TIM,78
4,https://www.fifaindex.com/static/FIFA17/images/crest/50/light/452.png,RCD Espanyol,Liga BBVA,78
4,https://www.fifaindex.com/static/FIFA17/images/crest/50/light/457.png,Real Sociedad,Liga BBVA,78
4,https://www.fifaindex.com/static/FIFA17/images/crest/50/light/450.png,Celta Vigo,Liga BBVA,78
4,https://www.fifaindex.com/static/FIFA17/images/crest/50/light/69.png,AS Monaco,Ligue 1,78
4,https://www.fifaindex.com/static/FIFA17/images/crest/50/light/1960.png,Swansea City,Barclays PL,77
4,https://www.fifaindex.com/static/FIFA17/images/crest/50/light/449.png,Real Betis,Liga BBVA,77
4,https://www.fifaindex.com/static/FIFA17/images/crest/50/light/326.png,Fenerbaháe,SÅper Lig,77
4,https://www.fifaindex.com/static/FIFA17/images/crest/50/light/72.png,OGC Nice,Ligue 1,77
4,https://www.fifaindex.com/static/FIFA17/images/crest/50/light/166.png,Hertha BSC,Bundesliga,77
4,https://www.fifaindex.com/static/FIFA17/images/crest/50/light/1795.png,Watford,Barclays PL,77
4,https://www.fifaindex.com/static/FIFA17/images/crest/50/light/54.png,Torino,Serie A TIM,77
4,https://www.fifaindex.com/static/FIFA17/images/crest/50/light/17.png,Southampton,Barclays PL,77
4,https://www.fifaindex.com/static/FIFA17/images/crest/50/light/10029.png,1899 Hoffenheim,Bundesliga,77
4,https://www.fifaindex.com/static/FIFA17/images/crest/50/light/573.png,M†laga CF,Liga BBVA,77
4,https://www.fifaindex.com/static/FIFA17/images/crest/50/light/247.png,PSV,Eredivisie,77
4,https://www.fifaindex.com/static/FIFA17/images/crest/50/light/101059.png,Shakhtar Donetsk,Rest of World,77
4,https://www.fifaindex.com/static/FIFA17/images/crest/50/light/315.png,CSKA Moscow,Russian League,77
4,https://www.fifaindex.com/static/FIFA17/images/crest/50/light/325.png,Galatasaray,SÅper Lig,77
4,https://www.fifaindex.com/static/FIFA17/images/crest/50/light/100765.png,Lokomotiv Moscow,Russian League,77
4,https://www.fifaindex.com/static/FIFA17/images/crest/50/light/106.png,Sunderland,Barclays PL,76
4,https://www.fifaindex.com/static/FIFA17/images/crest/50/light/38.png,Werder Bremen,Bundesliga,76
4,https://www.fifaindex.com/static/FIFA17/images/crest/50/light/112218.png,FC Krasnodar,Russian League,76
4,https://www.fifaindex.com/static/FIFA17/images/crest/50/light/400001.png,None,Russian League,76
4,https://www.fifaindex.com/static/FIFA17/images/crest/50/light/109.png,West Brom,Barclays PL,76
4,https://www.fifaindex.com/static/FIFA17/images/crest/50/light/100767.png,Spartak Moscow,Russian League,76
4,https://www.fifaindex.com/static/FIFA17/images/crest/50/light/55.png,Udinese,Serie A TIM,76
4,https://www.fifaindex.com/static/FIFA17/images/crest/50/light/74.png,Stade Rennais,Ligue 1,76
4,https://www.fifaindex.com/static/FIFA17/images/crest/50/light/169.png,1. FSV Mainz 05,Bundesliga,76
4,https://www.fifaindex.com/static/FIFA17/images/crest/50/light/100409.png,FC Augsburg,Bundesliga,76
4,https://www.fifaindex.com/static/FIFA17/images/crest/50/light/242.png,RC Deportivo,Liga BBVA,76
4,https://www.fifaindex.com/static/FIFA17/images/crest/50/light/31.png,1. FC Kîln,Bundesliga,76
4,https://www.fifaindex.com/static/FIFA17/images/crest/50/light/111974.png,Sassuolo,Serie A TIM,76
4,https://www.fifaindex.com/static/FIFA17/images/crest/50/light/110227.png,Rubin Kazan,Russian League,76
4,https://www.fifaindex.com/static/FIFA17/images/crest/50/light/1819.png,AS Saint-êtienne,Ligue 1,76
4,https://www.fifaindex.com/static/FIFA17/images/crest/50/light/65.png,LOSC Lille,Ligue 1,76
4,https://www.fifaindex.com/static/FIFA17/images/crest/50/light/472.png,UD Las Palmas,Liga BBVA,76
4,https://www.fifaindex.com/static/FIFA17/images/crest/50/light/28.png,Hamburger SV,Bundesliga,76
4,https://www.fifaindex.com/static/FIFA17/images/crest/50/light/280.png,Olympiakos CFP,Rest of World,76
4,https://www.fifaindex.com/static/FIFA17/images/crest/50/light/192.png,Chievo Verona,Serie A TIM,76
4,https://www.fifaindex.com/static/FIFA17/images/crest/50/light/245.png,Ajax,Eredivisie,76
4,https://www.fifaindex.com/static/FIFA17/images/crest/50/light/1824.png,Eint. Frankfurt,Bundesliga,75
4,https://www.fifaindex.com/static/FIFA17/images/crest/50/light/219.png,Olym. Marseille,Ligue 1,75
4,https://www.fifaindex.com/static/FIFA17/images/crest/50/light/59.png,Giron. Bordeaux,Ligue 1,75
4,https://www.fifaindex.com/static/FIFA17/images/crest/50/light/467.png,SD Eibar,Liga BBVA,75
4,https://www.fifaindex.com/static/FIFA17/images/crest/50/light/1837.png,Sampdoria,Serie A TIM,75
4,https://www.fifaindex.com/static/FIFA17/images/crest/50/light/189.png,Bologna,Serie A TIM,75
4,https://www.fifaindex.com/static/FIFA17/images/crest/50/light/12.png,Middlesbrough,Barclays PL,75
4,https://www.fifaindex.com/static/FIFA17/images/crest/50/light/1952.png,Hull City,Barclays PL,75
4,https://www.fifaindex.com/static/FIFA17/images/crest/50/light/231.png,Club Brugge,Pro League,75
4,https://www.fifaindex.com/static/FIFA17/images/crest/50/light/39.png,Atalanta,Serie A TIM,75
4,https://www.fifaindex.com/static/FIFA17/images/crest/50/light/1896.png,SC Braga,Liga NOS,75
4,https://www.fifaindex.com/static/FIFA17/images/crest/50/light/246.png,Feyenoord,Eredivisie,75
4,https://www.fifaindex.com/static/FIFA17/images/crest/50/light/1877.png,Boca Juniors,Primera Divisi¢n,75
4,https://www.fifaindex.com/static/FIFA17/images/crest/50/light/400000.png,None,Primera Divisi¢n,75
4,https://www.fifaindex.com/static/FIFA17/images/crest/50/light/459.png,Sporting Gij¢n,Liga BBVA,75
4,https://www.fifaindex.com/static/FIFA17/images/crest/50/light/110556.png,Genoa,Serie A TIM,75
4,https://www.fifaindex.com/static/FIFA17/images/crest/50/light/1013.png,San Lorenzo,Primera Divisi¢n,75
4,https://www.fifaindex.com/static/FIFA17/images/crest/50/light/1792.png,Norwich,FL Championship,75
4,https://www.fifaindex.com/static/FIFA17/images/crest/50/light/13.png,Newcastle Utd,FL Championship,75
4,https://www.fifaindex.com/static/FIFA17/images/crest/50/light/400002.png,None,FL Championship,75
3.5,https://www.fifaindex.com/static/FIFA17/images/crest/50/light/1970.png,Tigres,LIGA Bancomer MX,74
3.5,https://www.fifaindex.com/static/FIFA17/images/crest/50/light/1032.png,Monterrey,LIGA Bancomer MX,74
3.5,https://www.fifaindex.com/static/FIFA17/images/crest/50/light/1884.png,Panathinaikos,Rest of World,74
3.5,https://www.fifaindex.com/static/FIFA17/images/crest/50/light/463.png,Deport. AlavÇs,Liga BBVA,74
3.5,https://www.fifaindex.com/static/FIFA17/images/crest/50/light/1943.png,Bournemouth,Barclays PL,74
3.5,https://www.fifaindex.com/static/FIFA17/images/crest/50/light/896.png,FC Basel,Raiffeisen SL,74
3.5,https://www.fifaindex.com/static/FIFA17/images/crest/50/light/112958.png,Osmanl’spor,SÅper Lig,74
3.5,https://www.fifaindex.com/static/FIFA17/images/crest/50/light/2.png,Aston Villa,FL Championship,74
3.5,https://www.fifaindex.com/static/FIFA17/images/crest/50/light/229.png,RSC Anderlecht,Pro League,74
3.5,https://www.fifaindex.com/static/FIFA17/images/crest/50/light/110832.png,Granada CF,Liga BBVA,74
3.5,https://www.fifaindex.com/static/FIFA17/images/crest/50/light/1876.png,River Plate,Primera Divisi¢n,74
3.5,https://www.fifaindex.com/static/FIFA17/images/crest/50/light/217.png,FC Lorient,Ligue 1,74
3.5,https://www.fifaindex.com/static/FIFA17/images/crest/50/light/1842.png,Cagliari,Serie A TIM,74
3.5,https://www.fifaindex.com/static/FIFA17/images/crest/50/light/674.png,KAA Gent,Pro League,74
3.5,https://www.fifaindex.com/static/FIFA17/images/crest/50/light/62.png,EA Guingamp,Ligue 1,74
3.5,https://www.fifaindex.com/static/FIFA17/images/crest/50/light/100888.png,CD LeganÇs,Liga BBVA,74
3.5,https://www.fifaindex.com/static/FIFA17/images/crest/50/light/70.png,Montpellier HSC,Ligue 1,74
3.5,https://www.fifaindex.com/static/FIFA17/images/crest/50/light/1809.png,Toulouse FC,Ligue 1,73
3.5,https://www.fifaindex.com/static/FIFA17/images/crest/50/light/101085.png,Racing Club,Primera Divisi¢n,73
3.5,https://www.fifaindex.com/static/FIFA17/images/crest/50/light/36.png,VfB Stuttgart,Bundesliga 2,73
3.5,https://www.fifaindex.com/static/FIFA17/images/crest/50/light/393.png,PAOK,Rest of World,73
3.5,https://www.fifaindex.com/static/FIFA17/images/crest/50/light/1879.png,AmÇrica,LIGA Bancomer MX,73
3.5,https://www.fifaindex.com/static/FIFA17/images/crest/50/light/1746.png,Empoli,Serie A TIM,73
3.5,https://www.fifaindex.com/static/FIFA17/images/crest/50/light/436.png,Trabzonspor,SÅper Lig,73
3.5,https://www.fifaindex.com/static/FIFA17/images/crest/50/light/479.png,CA Osasuna,Liga BBVA,73
3.5,https://www.fifaindex.com/static/FIFA17/images/crest/50/light/1853.png,Levante UD,Liga Adelante,73
3.5,https://www.fifaindex.com/static/FIFA17/images/crest/50/light/480.png,Rayo Vallecano,Liga Adelante,73
3.5,https://www.fifaindex.com/static/FIFA17/images/crest/50/light/112172.png,RB Leipzig,Bundesliga,73
3.5,https://www.fifaindex.com/static/FIFA17/images/crest/50/light/1887.png,V. Guimar∆es,Liga NOS,73
3.5,https://www.fifaindex.com/static/FIFA17/images/crest/50/light/110093.png,Independiente,Primera Divisi¢n,73
3.5,https://www.fifaindex.com/static/FIFA17/images/crest/50/light/400001.png,None,Primera Divisi¢n,73
3.5,https://www.fifaindex.com/static/FIFA17/images/crest/50/light/1796.png,Burnley,Barclays PL,73
3.5,https://www.fifaindex.com/static/FIFA17/images/crest/50/light/485.png,Hannover 96,Bundesliga 2,73
3.5,https://www.fifaindex.com/static/FIFA17/images/crest/50/light/144.png,Fulham,FL Championship,73
3.5,https://www.fifaindex.com/static/FIFA17/images/crest/50/light/1843.png,Palermo,Serie A TIM,73
3.5,https://www.fifaindex.com/static/FIFA17/images/crest/50/light/111239.png,FC Ingolstadt,Bundesliga,73
3.5,https://www.fifaindex.com/static/FIFA17/images/crest/50/light/232.png,Standard Liäge,Pro League,73
3.5,https://www.fifaindex.com/static/FIFA17/images/crest/50/light/1530.png,Angers SCO,Ligue 1,73
3.5,https://www.fifaindex.com/static/FIFA17/images/crest/50/light/101014.png,Medipol Ba?ak?ehir,SÅper Lig,73
3.5,https://www.fifaindex.com/static/FIFA17/images/crest/50/light/71.png,FC Nantes,Ligue 1,73
3.5,https://www.fifaindex.com/static/FIFA17/images/crest/50/light/110502.png,SV Darmstadt,Bundesliga,73
3.5,https://www.fifaindex.com/static/FIFA17/images/crest/50/light/210.png,SM Caen,Ligue 1,73
3.5,https://www.fifaindex.com/static/FIFA17/images/crest/50/light/1871.png,Legia Warszawa,Ekstraklasa,72
3.5,https://www.fifaindex.com/static/FIFA17/images/crest/50/light/110580.png,Rosario Central,Primera Divisi¢n,72
3.5,https://www.fifaindex.com/static/FIFA17/images/crest/50/light/25.png,SC Freiburg,Bundesliga,72
3.5,https://www.fifaindex.com/static/FIFA17/images/crest/50/light/1882.png,Toluca,LIGA Bancomer MX,72
3.5,https://www.fifaindex.com/static/FIFA17/images/crest/50/light/110231.png,FC Rostov,Russian League,72
3.5,https://www.fifaindex.com/static/FIFA17/images/crest/50/light/110147.png,Pachuca,LIGA Bancomer MX,72
3.5,https://www.fifaindex.com/static/FIFA17/images/crest/50/light/744.png,Rio Ave,Liga NOS,72
3.5,https://www.fifaindex.com/static/FIFA17/images/crest/50/light/673.png,KRC Genk,Pro League,72
3.5,https://www.fifaindex.com/static/FIFA17/images/crest/50/light/1881.png,U.N.A.M.,LIGA Bancomer MX,72
3.5,https://www.fifaindex.com/static/FIFA17/images/crest/50/light/1807.png,Sheffield Wed,FL Championship,72
3.5,https://www.fifaindex.com/static/FIFA17/images/crest/50/light/110395.png,Lan£s,Primera Divisi¢n,72
3.5,https://www.fifaindex.com/static/FIFA17/images/crest/50/light/206.png,Hellas Verona,Serie B,72
3.5,https://www.fifaindex.com/static/FIFA17/images/crest/50/light/742.png,Bursaspor,SÅper Lig,72
3.5,https://www.fifaindex.com/static/FIFA17/images/crest/50/light/78.png,Celtic,Scottish Prem,72
3.5,https://www.fifaindex.com/static/FIFA17/images/crest/50/light/1808.png,Brighton,FL Championship,72
3.5,https://www.fifaindex.com/static/FIFA17/images/crest/50/light/1860.png,Getafe CF,Liga Adelante,72
3.5,https://www.fifaindex.com/static/FIFA17/images/crest/50/light/819.png,FC Kõbenhavn,Alka Superliga,72
3.5,https://www.fifaindex.com/static/FIFA17/images/crest/50/light/91.png,Derby County,FL Championship,72
3.5,https://www.fifaindex.com/static/FIFA17/images/crest/50/light/1909.png,Vitesse,Eredivisie,72
3.5,https://www.fifaindex.com/static/FIFA17/images/crest/50/light/400002.png,None,Eredivisie,72
3.5,https://www.fifaindex.com/static/FIFA17/images/crest/50/light/58.png,SC Bastia,Ligue 1,72
3.5,https://www.fifaindex.com/static/FIFA17/images/crest/50/light/1906.png,AZ,Eredivisie,72
3.5,https://www.fifaindex.com/static/FIFA17/images/crest/50/light/110980.png,Colo-Colo,Camp. Scotiabank,72
3.5,https://www.fifaindex.com/static/FIFA17/images/crest/50/light/15029.png,Uni. de Chile,Camp. Scotiabank,72
3.5,https://www.fifaindex.com/static/FIFA17/images/crest/50/light/200.png,Pescara,Serie A TIM,72
3.5,https://www.fifaindex.com/static/FIFA17/images/crest/50/light/100766.png,Anzhi Makhachkala,Russian League,72
3.5,https://www.fifaindex.com/static/FIFA17/images/crest/50/light/111340.png,Akhisarspor,SÅper Lig,71
3.5,https://www.fifaindex.com/static/FIFA17/images/crest/50/light/101025.png,Genálerbirli?i,SÅper Lig,71
3.5,https://www.fifaindex.com/static/FIFA17/images/crest/50/light/191.png,RB Salzburg,ô. Bundesliga,71
3.5,https://www.fifaindex.com/static/FIFA17/images/crest/50/light/111678.png,Tijuana,LIGA Bancomer MX,71
3.5,https://www.fifaindex.com/static/FIFA17/images/crest/50/light/68.png,FC Metz,Ligue 1,71
3.5,https://www.fifaindex.com/static/FIFA17/images/crest/50/light/697.png,LA Galaxy,MLS,71
3.5,https://www.fifaindex.com/static/FIFA17/images/crest/50/light/110781.png,Le¢n,LIGA Bancomer MX,71
3.5,https://www.fifaindex.com/static/FIFA17/images/crest/50/light/605.png,Al Hilal,ALJ League,71
3.5,https://www.fifaindex.com/static/FIFA17/images/crest/50/light/682.png,KV Oostende,Pro League,71
3.5,https://www.fifaindex.com/static/FIFA17/images/crest/50/light/1477.png,Jeonbuk Hyundai,K LEAGUE Classic,71
3.5,https://www.fifaindex.com/static/FIFA17/images/crest/50/light/15.png,QPR,FL Championship,71
3.5,https://www.fifaindex.com/static/FIFA17/images/crest/50/light/244.png,Real Zaragoza,Liga Adelante,71
3.5,https://www.fifaindex.com/static/FIFA17/images/crest/50/light/112387.png,Al Ahli,ALJ League,71
3.5,https://www.fifaindex.com/static/FIFA17/images/crest/50/light/665.png,V. Set£bal,Liga NOS,71
3.5,https://www.fifaindex.com/static/FIFA17/images/crest/50/light/1961.png,Cardiff City,FL Championship,71
3.5,https://www.fifaindex.com/static/FIFA17/images/crest/50/light/171.png,1. FC NÅrnberg,Bundesliga 2,71
3.5,https://www.fifaindex.com/static/FIFA17/images/crest/50/light/110975.png,Uni. Cat¢lica,Camp. Scotiabank,71
3.5,https://www.fifaindex.com/static/FIFA17/images/crest/50/light/1880.png,Guadalajara,LIGA Bancomer MX,71
3.5,https://www.fifaindex.com/static/FIFA17/images/crest/50/light/1861.png,UD Almer°a,Liga Adelante,71
3.5,https://www.fifaindex.com/static/FIFA17/images/crest/50/light/14.png,Nott'm Forest,FL Championship,71
3.5,https://www.fifaindex.com/static/FIFA17/images/crest/50/light/101103.png,Indep. Medell°n,Liga Dimayor,71
3.5,https://www.fifaindex.com/static/FIFA17/images/crest/50/light/1629.png,Gràmio,Liga do Brasil,71
3.5,https://www.fifaindex.com/static/FIFA17/images/crest/50/light/1878.png,Cruz Azul,LIGA Bancomer MX,71
3.5,https://www.fifaindex.com/static/FIFA17/images/crest/50/light/1028.png,Monarcas Morelia,LIGA Bancomer MX,71
3.5,https://www.fifaindex.com/static/FIFA17/images/crest/50/light/400002.png,None,LIGA Bancomer MX,71
3.5,https://www.fifaindex.com/static/FIFA17/images/crest/50/light/900.png,BSC Young Boys,Raiffeisen SL,71
3.5,https://www.fifaindex.com/static/FIFA17/images/crest/50/light/101100.png,Atl. Nacional,Liga Dimayor,71
3.5,https://www.fifaindex.com/static/FIFA17/images/crest/50/light/112001.png,A. Minas G.,Liga do Brasil,71
3.5,https://www.fifaindex.com/static/FIFA17/images/crest/50/light/15019.png,GimnÖstic,Liga Adelante,71
3.5,https://www.fifaindex.com/static/FIFA17/images/crest/50/light/1823.png,AS Nancy,Ligue 1,71
3.5,https://www.fifaindex.com/static/FIFA17/images/crest/50/light/110144.png,Santos Laguna,LIGA Bancomer MX,71
3.5,https://www.fifaindex.com/static/FIFA17/images/crest/50/light/383.png,Palmeiras,Liga do Brasil,71
3.5,https://www.fifaindex.com/static/FIFA17/images/crest/50/light/1889.png,Belenenses,Liga NOS,71
3.5,https://www.fifaindex.com/static/FIFA17/images/crest/50/light/112513.png,Arouca,Liga NOS,71
3.5,https://www.fifaindex.com/static/FIFA17/images/crest/50/light/8.png,Leeds United,FL Championship,71
3.5,https://www.fifaindex.com/static/FIFA17/images/crest/50/light/101033.png,Konyaspor,SÅper Lig,71
3.5,https://www.fifaindex.com/static/FIFA17/images/crest/50/light/462.png,Real Valladolid,Liga Adelante,71
3.5,https://www.fifaindex.com/static/FIFA17/images/crest/50/light/101105.png,Millonarios,Liga Dimayor,71
3.5,https://www.fifaindex.com/static/FIFA17/images/crest/50/light/110109.png,Terek Grozny,Russian League,71
3.5,https://www.fifaindex.com/static/FIFA17/images/crest/50/light/517.png,Botafogo,Liga do Brasil,71
3.5,https://www.fifaindex.com/static/FIFA17/images/crest/50/light/111144.png,Sounders FC,MLS,71
3.5,https://www.fifaindex.com/static/FIFA17/images/crest/50/light/110.png,Wolves,FL Championship,71
3.5,https://www.fifaindex.com/static/FIFA17/images/crest/50/light/567.png,Fluminense,Liga do Brasil,71
3.5,https://www.fifaindex.com/static/FIFA17/images/crest/50/light/110569.png,Dijon FCO,Ligue 1,71
3.5,https://www.fifaindex.com/static/FIFA17/images/crest/50/light/1039.png,Atl. Paranaense,Liga do Brasil,71
3.5,https://www.fifaindex.com/static/FIFA17/images/crest/50/light/1898.png,Boavista,Liga NOS,71
3.5,https://www.fifaindex.com/static/FIFA17/images/crest/50/light/1048.png,Internacional,Liga do Brasil,71
3.5,https://www.fifaindex.com/static/FIFA17/images/crest/50/light/101083.png,Estudiantes,Primera Divisi¢n,71
3.5,https://www.fifaindex.com/static/FIFA17/images/crest/50/light/400002.png,None,Primera Divisi¢n,71
3,https://www.fifaindex.com/static/FIFA17/images/crest/50/light/111651.png,Toronto FC,MLS,70
3,https://www.fifaindex.com/static/FIFA17/images/crest/50/light/111139.png,Montreal Impact,MLS,70
3,https://www.fifaindex.com/static/FIFA17/images/crest/50/light/110145.png,Veracruz,LIGA Bancomer MX,70
3,https://www.fifaindex.com/static/FIFA17/images/crest/50/light/741.png,Antalyaspor,SÅper Lig,70
3,https://www.fifaindex.com/static/FIFA17/images/crest/50/light/113142.png,Aytemiz Alanyaspor,SÅper Lig,70
3,https://www.fifaindex.com/static/FIFA17/images/crest/50/light/110827.png,Real Oviedo,Liga Adelante,70
3,https://www.fifaindex.com/static/FIFA17/images/crest/50/light/2007.png,Sport. Lokeren,Pro League,70
3,https://www.fifaindex.com/static/FIFA17/images/crest/50/light/100081.png,KV Kortrijk,Pro League,70
3,https://www.fifaindex.com/static/FIFA17/images/crest/50/light/101102.png,Deportivo Cali,Liga Dimayor,70
3,https://www.fifaindex.com/static/FIFA17/images/crest/50/light/1900.png,Moreirense,Liga NOS,70
3,https://www.fifaindex.com/static/FIFA17/images/crest/50/light/110929.png,Kaizer Chiefs,Rest of World,70
3,https://www.fifaindex.com/static/FIFA17/images/crest/50/light/33.png,1860 MÅnchen,Bundesliga 2,70
3,https://www.fifaindex.com/static/FIFA17/images/crest/50/light/110770.png,FC Sion,Raiffeisen SL,70
3,https://www.fifaindex.com/static/FIFA17/images/crest/50/light/100764.png,Krylya Sovetov,Russian League,70
3,https://www.fifaindex.com/static/FIFA17/images/crest/50/light/111043.png,Ponte Preta,Liga do Brasil,70
3,https://www.fifaindex.com/static/FIFA17/images/crest/50/light/112828.png,NYCFC,MLS,70
3,https://www.fifaindex.com/static/FIFA17/images/crest/50/light/111058.png,Santa Cruz,Liga do Brasil,70
3,https://www.fifaindex.com/static/FIFA17/images/crest/50/light/15005.png,Zulte-Waregem,Pro League,70
3,https://www.fifaindex.com/static/FIFA17/images/crest/50/light/110150.png,QuerÇtaro,LIGA Bancomer MX,70
3,https://www.fifaindex.com/static/FIFA17/images/crest/50/light/10020.png,Estoril Praia,Liga NOS,70
3,https://www.fifaindex.com/static/FIFA17/images/crest/50/light/111065.png,Real Salt Lake,MLS,70
3,https://www.fifaindex.com/static/FIFA17/images/crest/50/light/1903.png,FC Utrecht,Eredivisie,70
3,https://www.fifaindex.com/static/FIFA17/images/crest/50/light/110396.png,Newell's,Primera Divisi¢n,70
3,https://www.fifaindex.com/static/FIFA17/images/crest/50/light/598.png,S∆o Paulo,Liga do Brasil,70
3,https://www.fifaindex.com/static/FIFA17/images/crest/50/light/689.png,NY Red Bulls,MLS,70
3,https://www.fifaindex.com/static/FIFA17/images/crest/50/light/110734.png,Crotone,Serie A TIM,70
3,https://www.fifaindex.com/static/FIFA17/images/crest/50/light/1891.png,Nacional,Liga NOS,70
3,https://www.fifaindex.com/static/FIFA17/images/crest/50/light/110062.png,Girona CF,Liga Adelante,70
3,https://www.fifaindex.com/static/FIFA17/images/crest/50/light/1053.png,Santos,Liga do Brasil,70
3,https://www.fifaindex.com/static/FIFA17/images/crest/50/light/111140.png,Portland,MLS,70
3,https://www.fifaindex.com/static/FIFA17/images/crest/50/light/400000.png,None,MLS,70
3,https://www.fifaindex.com/static/FIFA17/images/crest/50/light/1939.png,Huddersfield,FL Championship,69
3,https://www.fifaindex.com/static/FIFA17/images/crest/50/light/687.png,Columbus Crew SC,MLS,69
3,https://www.fifaindex.com/static/FIFA17/images/crest/50/light/260.png,CD Tenerife,Liga Adelante,69
3,https://www.fifaindex.com/static/FIFA17/images/crest/50/light/112476.png,Chapecoense,Liga do Brasil,69
3,https://www.fifaindex.com/static/FIFA17/images/crest/50/light/1793.png,Reading,FL Championship,69
3,https://www.fifaindex.com/static/FIFA17/images/crest/50/light/101037.png,Äaykur Rizespor,SÅper Lig,69
3,https://www.fifaindex.com/static/FIFA17/images/crest/50/light/111657.png,Frosinone,Serie B,69
3,https://www.fifaindex.com/static/FIFA17/images/crest/50/light/1719.png,Vit¢ria,Liga do Brasil,69
3,https://www.fifaindex.com/static/FIFA17/images/crest/50/light/1917.png,Wigan Athletic,FL Championship,69
3,https://www.fifaindex.com/static/FIFA17/images/crest/50/light/110401.png,Adanaspor,SÅper Lig,69
3,https://www.fifaindex.com/static/FIFA17/images/crest/50/light/379.png,Stade de Reims,Ligue 2,69
3,https://www.fifaindex.com/static/FIFA17/images/crest/50/light/111706.png,Godoy Cruz,Primera Divisi¢n,69
3,https://www.fifaindex.com/static/FIFA17/images/crest/50/light/112606.png,Orlando City,MLS,69
3,https://www.fifaindex.com/static/FIFA17/images/crest/50/light/112139.png,Al Nassr,ALJ League,69
3,https://www.fifaindex.com/static/FIFA17/images/crest/50/light/670.png,Sp. Charleroi,Pro League,69
3,https://www.fifaindex.com/static/FIFA17/images/crest/50/light/111928.png,SJ Earthquakes,MLS,69
3,https://www.fifaindex.com/static/FIFA17/images/crest/50/light/1968.png,C†diz C.F.,Liga Adelante,69
3,https://www.fifaindex.com/static/FIFA17/images/crest/50/light/101121.png,Necaxa,LIGA Bancomer MX,69
3,https://www.fifaindex.com/static/FIFA17/images/crest/50/light/696.png,Sporting KC,MLS,69
3,https://www.fifaindex.com/static/FIFA17/images/crest/50/light/568.png,Cruzeiro,Liga do Brasil,69
3,https://www.fifaindex.com/static/FIFA17/images/crest/50/light/695.png,FC Dallas,MLS,69
3,https://www.fifaindex.com/static/FIFA17/images/crest/50/light/101020.png,Kayserispor,SÅper Lig,69
3,https://www.fifaindex.com/static/FIFA17/images/crest/50/light/983.png,Suwon Bluewings,K LEAGUE Classic,69
3,https://www.fifaindex.com/static/FIFA17/images/crest/50/light/100634.png,Heracles Almelo,Eredivisie,69
3,https://www.fifaindex.com/static/FIFA17/images/crest/50/light/112679.png,Chiapas,LIGA Bancomer MX,69
3,https://www.fifaindex.com/static/FIFA17/images/crest/50/light/111022.png,Belgrano,Primera Divisi¢n,69
3,https://www.fifaindex.com/static/FIFA17/images/crest/50/light/518.png,Chaves,Liga NOS,69
3,https://www.fifaindex.com/static/FIFA17/images/crest/50/light/694.png,Colorado Rapids,MLS,69
3,https://www.fifaindex.com/static/FIFA17/images/crest/50/light/1919.png,Bristol City,FL Championship,69
3,https://www.fifaindex.com/static/FIFA17/images/crest/50/light/1925.png,Brentford,FL Championship,69
3,https://www.fifaindex.com/static/FIFA17/images/crest/50/light/400002.png,None,FL Championship,69
3,https://www.fifaindex.com/static/FIFA17/images/crest/50/light/468.png,Elche CF,Liga Adelante,69
3,https://www.fifaindex.com/static/FIFA17/images/crest/50/light/110915.png,Cesena,Serie B,69
3,https://www.fifaindex.com/static/FIFA17/images/crest/50/light/110831.png,CD Lugo,Liga Adelante,69
3,https://www.fifaindex.com/static/FIFA17/images/crest/50/light/111722.png,Deportes Tolima,Liga Dimayor,69
3,https://www.fifaindex.com/static/FIFA17/images/crest/50/light/111091.png,Lechia Gda?sk,Ekstraklasa,69
3,https://www.fifaindex.com/static/FIFA17/images/crest/50/light/650.png,ADO Den Haag,Eredivisie,69
3,https://www.fifaindex.com/static/FIFA17/images/crest/50/light/101114.png,Atlas,LIGA Bancomer MX,69
3,https://www.fifaindex.com/static/FIFA17/images/crest/50/light/110930.png,Orlando Pirates,Rest of World,69
3,https://www.fifaindex.com/static/FIFA17/images/crest/50/light/3.png,Blackburn Rovers,FL Championship,69
3,https://www.fifaindex.com/static/FIFA17/images/crest/50/light/110316.png,GFC Ajaccio,Ligue 2,69
3,https://www.fifaindex.com/static/FIFA17/images/crest/50/light/111575.png,Urawa Diamonds,Japan J1 League (1),69
3,https://www.fifaindex.com/static/FIFA17/images/crest/50/light/453.png,RCD Mallorca,Liga Adelante,69
3,https://www.fifaindex.com/static/FIFA17/images/crest/50/light/101106.png,Once Caldas,Liga Dimayor,69
3,https://www.fifaindex.com/static/FIFA17/images/crest/50/light/111042.png,Goi†s,Rest of World,69
3,https://www.fifaindex.com/static/FIFA17/images/crest/50/light/1867.png,C¢rdoba CF,Liga Adelante,69
3,https://www.fifaindex.com/static/FIFA17/images/crest/50/light/111057.png,Sport,Liga do Brasil,69
3,https://www.fifaindex.com/static/FIFA17/images/crest/50/light/477.png,CD Numancia,Liga Adelante,69
3,https://www.fifaindex.com/static/FIFA17/images/crest/50/light/160.png,VfL Bochum,Bundesliga 2,69
3,https://www.fifaindex.com/static/FIFA17/images/crest/50/light/1914.png,PEC Zwolle,Eredivisie,69
3,https://www.fifaindex.com/static/FIFA17/images/crest/50/light/110636.png,F. DÅsseldorf,Bundesliga 2,69
3,https://www.fifaindex.com/static/FIFA17/images/crest/50/light/111054.png,Joinville,Rest of World,69
3,https://www.fifaindex.com/static/FIFA17/images/crest/50/light/1801.png,Preston,FL Championship,69
3,https://www.fifaindex.com/static/FIFA17/images/crest/50/light/111046.png,Crici£ma,Rest of World,69
3,https://www.fifaindex.com/static/FIFA17/images/crest/50/light/688.png,D.C. United,MLS,69
3,https://www.fifaindex.com/static/FIFA17/images/crest/50/light/110394.png,Sarand°,Primera Divisi¢n,69
3,https://www.fifaindex.com/static/FIFA17/images/crest/50/light/1035.png,AtlÇtico Mineiro,Liga do Brasil,69
3,https://www.fifaindex.com/static/FIFA17/images/crest/50/light/101112.png,Whitecaps FC,MLS,69
3,https://www.fifaindex.com/static/FIFA17/images/crest/50/light/1907.png,Willem II,Eredivisie,69
3,https://www.fifaindex.com/static/FIFA17/images/crest/50/light/111711.png,Parque Patricios,Primera Divisi¢n,69
3,https://www.fifaindex.com/static/FIFA17/images/crest/50/light/1832.png,Karlsruher SC,Bundesliga 2,69
3,https://www.fifaindex.com/static/FIFA17/images/crest/50/light/400000.png,None,Bundesliga 2,69
3,https://www.fifaindex.com/static/FIFA17/images/crest/50/light/165.png,Greuther FÅrth,Bundesliga 2,69
3,https://www.fifaindex.com/static/FIFA17/images/crest/50/light/400002.png,None,Bundesliga 2,69
2.5,https://www.fifaindex.com/static/FIFA17/images/crest/50/light/691.png,New England,MLS,68
2.5,https://www.fifaindex.com/static/FIFA17/images/crest/50/light/110404.png,Banfield,Primera Divisi¢n,68
2.5,https://www.fifaindex.com/static/FIFA17/images/crest/50/light/77.png,Aberdeen,Scottish Prem,68
2.5,https://www.fifaindex.com/static/FIFA17/images/crest/50/light/110822.png,FC Ufa,Russian League,68
2.5,https://www.fifaindex.com/static/FIFA17/images/crest/50/light/101097.png,Audax Italiano,Camp. Scotiabank,68
2.5,https://www.fifaindex.com/static/FIFA17/images/crest/50/light/111708.png,AtlÇtico Tucum†n,Primera Divisi¢n,68
2.5,https://www.fifaindex.com/static/FIFA17/images/crest/50/light/110839.png,SD Huesca,Liga Adelante,68
2.5,https://www.fifaindex.com/static/FIFA17/images/crest/50/light/113157.png,Sanfrecce Hiroshima,Japan J1 League (1),68
2.5,https://www.fifaindex.com/static/FIFA17/images/crest/50/light/698.png,Houston Dynamo,MLS,68
2.5,https://www.fifaindex.com/static/FIFA17/images/crest/50/light/112225.png,Novara,Serie B,68
2.5,https://www.fifaindex.com/static/FIFA17/images/crest/50/light/110741.png,La Spezia,Serie B,68
2.5,https://www.fifaindex.com/static/FIFA17/images/crest/50/light/112116.png,CD O'Higgins,Camp. Scotiabank,68
2.5,https://www.fifaindex.com/static/FIFA17/images/crest/50/light/378.png,Stade Brestois,Ligue 2,68
2.5,https://www.fifaindex.com/static/FIFA17/images/crest/50/light/112516.png,Tondela,Liga NOS,68
2.5,https://www.fifaindex.com/static/FIFA17/images/crest/50/light/111730.png,Kawasaki Front.,Japan J1 League (1),68
2.5,https://www.fifaindex.com/static/FIFA17/images/crest/50/light/110152.png,Puebla,LIGA Bancomer MX,68
2.5,https://www.fifaindex.com/static/FIFA17/images/crest/50/light/269.png,Brõndby IF,Alka Superliga,68
2.5,https://www.fifaindex.com/static/FIFA17/images/crest/50/light/110724.png,KV Mechelen,Pro League,68
2.5,https://www.fifaindex.com/static/FIFA17/images/crest/50/light/159.png,Arminia Bielefeld,Bundesliga 2,68
2.5,https://www.fifaindex.com/static/FIFA17/images/crest/50/light/1738.png,Le Havre AC,Ligue 2,68
2.5,https://www.fifaindex.com/static/FIFA17/images/crest/50/light/319.png,IFK Gîteborg,Allsvenskan,68
2.5,https://www.fifaindex.com/static/FIFA17/images/crest/50/light/433.png,AIK,Allsvenskan,68
2.5,https://www.fifaindex.com/static/FIFA17/images/crest/50/light/607.png,Al Ittihad,ALJ League,68
2.5,https://www.fifaindex.com/static/FIFA17/images/crest/50/light/110069.png,CD MirandÇs,Liga Adelante,68
2.5,https://www.fifaindex.com/static/FIFA17/images/crest/50/light/1908.png,FC Twente,Eredivisie,68
2.5,https://www.fifaindex.com/static/FIFA17/images/crest/50/light/569.png,Vasco da Gama,Rest of World,68
2.5,https://www.fifaindex.com/static/FIFA17/images/crest/50/light/1473.png,Ulsan Hyundai,K LEAGUE Classic,68
2.5,https://www.fifaindex.com/static/FIFA17/images/crest/50/light/110913.png,Waasl. Beveren,Pro League,68
2.5,https://www.fifaindex.com/static/FIFA17/images/crest/50/light/111710.png,Fl. Varela,Primera Divisi¢n,68
2.5,https://www.fifaindex.com/static/FIFA17/images/crest/50/light/254.png,SK Rapid Wien,ô. Bundesliga,68
2.5,https://www.fifaindex.com/static/FIFA17/images/crest/50/light/400000.png,None,ô. Bundesliga,68
2.5,https://www.fifaindex.com/static/FIFA17/images/crest/50/light/112534.png,Uni. Concepci¢n,Camp. Scotiabank,68
2.5,https://www.fifaindex.com/static/FIFA17/images/crest/50/light/111235.png,1. FC Heidenheim,Bundesliga 2,68
2.5,https://www.fifaindex.com/static/FIFA17/images/crest/50/light/110977.png,Uni¢n Espa§ola,Camp. Scotiabank,68
2.5,https://www.fifaindex.com/static/FIFA17/images/crest/50/light/10019.png,F. Santa Maria,Liga NOS,68
2.5,https://www.fifaindex.com/static/FIFA17/images/crest/50/light/110178.png,SV Sandhausen,Bundesliga 2,68
2.5,https://www.fifaindex.com/static/FIFA17/images/crest/50/light/680.png,Sint-Truiden,Pro League,68
2.5,https://www.fifaindex.com/static/FIFA17/images/crest/50/light/199.png,Perugia,Serie B,68
2.5,https://www.fifaindex.com/static/FIFA17/images/crest/50/light/113216.png,UCAM Murcia,Liga Adelante,68
2.5,https://www.fifaindex.com/static/FIFA17/images/crest/50/light/681.png,KVC Westerlo,Pro League,68
2.5,https://www.fifaindex.com/static/FIFA17/images/crest/50/light/112954.png,Vicenza,Serie B,68
2.5,https://www.fifaindex.com/static/FIFA17/images/crest/50/light/89.png,Charlton Ath,Football League 1,68
2.5,https://www.fifaindex.com/static/FIFA17/images/crest/50/light/110854.png,CF Reus Deportiu,Liga Adelante,68
2.5,https://www.fifaindex.com/static/FIFA17/images/crest/50/light/4.png,Bolton,Football League 1,68
2.5,https://www.fifaindex.com/static/FIFA17/images/crest/50/light/64.png,RC Lens,Ligue 2,68
2.5,https://www.fifaindex.com/static/FIFA17/images/crest/50/light/101084.png,G. La Plata,Primera Divisi¢n,68
2.5,https://www.fifaindex.com/static/FIFA17/images/crest/50/light/111976.png,Ava°,Rest of World,68
2.5,https://www.fifaindex.com/static/FIFA17/images/crest/50/light/110233.png,FC Tom Tomsk,Russian League,68
2.5,https://www.fifaindex.com/static/FIFA17/images/crest/50/light/981.png,Seongnam FC,K LEAGUE Classic,67
2.5,https://www.fifaindex.com/static/FIFA17/images/crest/50/light/693.png,Chicago Fire,MLS,67
2.5,https://www.fifaindex.com/static/FIFA17/images/crest/50/light/111397.png,Melb. Victory,Hyundai A-League,67
2.5,https://www.fifaindex.com/static/FIFA17/images/crest/50/light/112578.png,µguilas Doradas,Liga Dimayor,67
2.5,https://www.fifaindex.com/static/FIFA17/images/crest/50/light/111400.png,Sydney FC,Hyundai A-League,67
2.5,https://www.fifaindex.com/static/FIFA17/images/crest/50/light/920.png,VÜlerenga Fotball,Tippeligaen,67
2.5,https://www.fifaindex.com/static/FIFA17/images/crest/50/light/112093.png,Gamba Osaka,Japan J1 League (1),67
2.5,https://www.fifaindex.com/static/FIFA17/images/crest/50/light/111713.png,San Juan,Primera Divisi¢n,67
2.5,https://www.fifaindex.com/static/FIFA17/images/crest/50/light/112487.png,Latina,Serie B,67
2.5,https://www.fifaindex.com/static/FIFA17/images/crest/50/light/110373.png,Salerno,Serie B,67
2.5,https://www.fifaindex.com/static/FIFA17/images/crest/50/light/224.png,Nåmes Olympique,Ligue 2,67
2.5,https://www.fifaindex.com/static/FIFA17/images/crest/50/light/897.png,FC Luzern,Raiffeisen SL,67
2.5,https://www.fifaindex.com/static/FIFA17/images/crest/50/light/111395.png,Brisbane Roar,Hyundai A-League,67
2.5,https://www.fifaindex.com/static/FIFA17/images/crest/50/light/400001.png,None,Hyundai A-League,67
2.5,https://www.fifaindex.com/static/FIFA17/images/crest/50/light/1456.png,Odds BK,Tippeligaen,67
2.5,https://www.fifaindex.com/static/FIFA17/images/crest/50/light/101147.png,Kashima Antlers,Japan J1 League (1),67
2.5,https://www.fifaindex.com/static/FIFA17/images/crest/50/light/226.png,FC Sochaux,Ligue 2,67
2.5,https://www.fifaindex.com/static/FIFA17/images/crest/50/light/256.png,Austria Wien,ô. Bundesliga,67
2.5,https://www.fifaindex.com/static/FIFA17/images/crest/50/light/110234.png,Amkar Perm,Russian League,67
2.5,https://www.fifaindex.com/static/FIFA17/images/crest/50/light/1474.png,Pohang Steelers,K LEAGUE Classic,67
2.5,https://www.fifaindex.com/static/FIFA17/images/crest/50/light/111328.png,CD Palestino,Camp. Scotiabank,67
2.5,https://www.fifaindex.com/static/FIFA17/images/crest/50/light/922.png,Strõmsgodset IF,Tippeligaen,67
2.5,https://www.fifaindex.com/static/FIFA17/images/crest/50/light/1873.png,Wis?a Krak¢w,Ekstraklasa,67
2.5,https://www.fifaindex.com/static/FIFA17/images/crest/50/light/110406.png,Santa Fe,Primera Divisi¢n,67
2.5,https://www.fifaindex.com/static/FIFA17/images/crest/50/light/506.png,Erzgebirge Aue,Bundesliga 2,67
2.5,https://www.fifaindex.com/static/FIFA17/images/crest/50/light/15015.png,Burton Albion,FL Championship,67
2.5,https://www.fifaindex.com/static/FIFA17/images/crest/50/light/112224.png,Melbourne City,Hyundai A-League,67
2.5,https://www.fifaindex.com/static/FIFA17/images/crest/50/light/711.png,BK HÑcken,Allsvenskan,67
2.5,https://www.fifaindex.com/static/FIFA17/images/crest/50/light/503.png,Dynamo Dresden,Bundesliga 2,67
2.5,https://www.fifaindex.com/static/FIFA17/images/crest/50/light/111092.png,?l?sk Wroc?aw,Ekstraklasa,67
2.5,https://www.fifaindex.com/static/FIFA17/images/crest/50/light/1971.png,Excelsior,Eredivisie,67
2.5,https://www.fifaindex.com/static/FIFA17/images/crest/50/light/1797.png,Rotherham Utd,FL Championship,67
2.5,https://www.fifaindex.com/static/FIFA17/images/crest/50/light/112410.png,Trapani,Serie B,67
2.5,https://www.fifaindex.com/static/FIFA17/images/crest/50/light/417.png,Molde FK,Tippeligaen,67
2.5,https://www.fifaindex.com/static/FIFA17/images/crest/50/light/110756.png,Arsenal Tula,Russian League,67
2.5,https://www.fifaindex.com/static/FIFA17/images/crest/50/light/1786.png,Randers FC,Alka Superliga,67
2.5,https://www.fifaindex.com/static/FIFA17/images/crest/50/light/700.png,IF Elfsborg,Allsvenskan,67
2.5,https://www.fifaindex.com/static/FIFA17/images/crest/50/light/294.png,ES Troyes AC,Ligue 2,67
2.5,https://www.fifaindex.com/static/FIFA17/images/crest/50/light/1910.png,N.E.C.,Eredivisie,67
2.5,https://www.fifaindex.com/static/FIFA17/images/crest/50/light/112261.png,FC Orenburg,Russian League,67
2.5,https://www.fifaindex.com/static/FIFA17/images/crest/50/light/110197.png,WÅrzburger Kickers,Bundesliga 2,67
2.5,https://www.fifaindex.com/static/FIFA17/images/crest/50/light/111086.png,Piast Gliwice,Ekstraklasa,67
2.5,https://www.fifaindex.com/static/FIFA17/images/crest/50/light/111560.png,Royal Mouscron,Pro League,67
2.5,https://www.fifaindex.com/static/FIFA17/images/crest/50/light/1902.png,Roda JC,Eredivisie,67
2.5,https://www.fifaindex.com/static/FIFA17/images/crest/50/light/400000.png,None,Eredivisie,67
2.5,https://www.fifaindex.com/static/FIFA17/images/crest/50/light/112533.png,CD Antofagasta,Camp. Scotiabank,67
2.5,https://www.fifaindex.com/static/FIFA17/images/crest/50/light/111273.png,Red Star FC,Ligue 2,67
2.5,https://www.fifaindex.com/static/FIFA17/images/crest/50/light/702.png,IFK Norrkîping,Allsvenskan,67
2.5,https://www.fifaindex.com/static/FIFA17/images/crest/50/light/110746.png,Pogo? Szczecin,Ekstraklasa,67
2.5,https://www.fifaindex.com/static/FIFA17/images/crest/50/light/110714.png,Sevilla AtlÇt.,Liga Adelante,67
2.5,https://www.fifaindex.com/static/FIFA17/images/crest/50/light/400002.png,None,Liga Adelante,67
2,https://www.fifaindex.com/static/FIFA17/images/crest/50/light/614.png,AC Ajaccio,Ligue 2,66
2,https://www.fifaindex.com/static/FIFA17/images/crest/50/light/271.png,Aarhus GF,Alka Superliga,66
2,https://www.fifaindex.com/static/FIFA17/images/crest/50/light/112992.png,AtlÇtico Bucaramanga,Liga Dimayor,66
2,https://www.fifaindex.com/static/FIFA17/images/crest/50/light/112390.png,Al Fateh,ALJ League,66
2,https://www.fifaindex.com/static/FIFA17/images/crest/50/light/2038.png,Avellino,Serie B,66
2,https://www.fifaindex.com/static/FIFA17/images/crest/50/light/111723.png,Deportivo Pasto,Liga Dimayor,66
2,https://www.fifaindex.com/static/FIFA17/images/crest/50/light/1798.png,MK Dons,Football League 1,66
2,https://www.fifaindex.com/static/FIFA17/images/crest/50/light/111399.png,Perth Glory,Hyundai A-League,66
2,https://www.fifaindex.com/static/FIFA17/images/crest/50/light/80.png,Hearts,Scottish Prem,66
2,https://www.fifaindex.com/static/FIFA17/images/crest/50/light/76.png,RC Strasbourg,Ligue 2,66
2,https://www.fifaindex.com/static/FIFA17/images/crest/50/light/1932.png,Barnsley,FL Championship,66
2,https://www.fifaindex.com/static/FIFA17/images/crest/50/light/101145.png,Kashiwa Reysol,Japan J1 League (1),66
2,https://www.fifaindex.com/static/FIFA17/images/crest/50/light/1847.png,Borgocalcio,Serie B,66
2,https://www.fifaindex.com/static/FIFA17/images/crest/50/light/2013.png,KAS Eupen,Pro League,66
2,https://www.fifaindex.com/static/FIFA17/images/crest/50/light/112670.png,CA Talleres,Primera Divisi¢n,66
2,https://www.fifaindex.com/static/FIFA17/images/crest/50/light/112791.png,Spal,Serie B,66
2,https://www.fifaindex.com/static/FIFA17/images/crest/50/light/1794.png,Sheffield Utd,Football League 1,66
2,https://www.fifaindex.com/static/FIFA17/images/crest/50/light/112527.png,Patriotas,Liga Dimayor,66
2,https://www.fifaindex.com/static/FIFA17/images/crest/50/light/898.png,FC St. Gallen,Raiffeisen SL,66
2,https://www.fifaindex.com/static/FIFA17/images/crest/50/light/1475.png,Jeonnam Dragons,K LEAGUE Classic,66
2,https://www.fifaindex.com/static/FIFA17/images/crest/50/light/57.png,AJ Auxerre,Ligue 2,66
2,https://www.fifaindex.com/static/FIFA17/images/crest/50/light/100646.png,Sparta R'dam,Eredivisie,66
2,https://www.fifaindex.com/static/FIFA17/images/crest/50/light/110749.png,Zag??bie Lubin,Ekstraklasa,66
2,https://www.fifaindex.com/static/FIFA17/images/crest/50/light/101150.png,FC Tokyo,Japan J1 League (1),66
2,https://www.fifaindex.com/static/FIFA17/images/crest/50/light/110581.png,Patronato,Primera Divisi¢n,66
2,https://www.fifaindex.com/static/FIFA17/images/crest/50/light/101146.png,Vissel Kobe,Japan J1 League (1),66
2,https://www.fifaindex.com/static/FIFA17/images/crest/50/light/110554.png,Quilmes,Primera Divisi¢n,66
2,https://www.fifaindex.com/static/FIFA17/images/crest/50/light/110747.png,Cracovia,Ekstraklasa,66
2,https://www.fifaindex.com/static/FIFA17/images/crest/50/light/110326.png,Tours FC,Ligue 2,66
2,https://www.fifaindex.com/static/FIFA17/images/crest/50/light/111393.png,Adelaide United,Hyundai A-League,66
2,https://www.fifaindex.com/static/FIFA17/images/crest/50/light/400002.png,None,Hyundai A-League,66
2,https://www.fifaindex.com/static/FIFA17/images/crest/50/light/1447.png,SõnderjyskE,Alka Superliga,66
2,https://www.fifaindex.com/static/FIFA17/images/crest/50/light/209.png,SK Sturm Graz,ô. Bundesliga,66
2,https://www.fifaindex.com/static/FIFA17/images/crest/50/light/111707.png,Mar del Plata,Primera Divisi¢n,66
2,https://www.fifaindex.com/static/FIFA17/images/crest/50/light/112026.png,Benevento,Serie B,66
2,https://www.fifaindex.com/static/FIFA17/images/crest/50/light/100632.png,Go Ahead Eagles,Eredivisie,66
2,https://www.fifaindex.com/static/FIFA17/images/crest/50/light/570.png,Terni,Serie B,66
2,https://www.fifaindex.com/static/FIFA17/images/crest/50/light/112904.png,Temperley,Primera Divisi¢n,66
2,https://www.fifaindex.com/static/FIFA17/images/crest/50/light/112584.png,CD Everton,Camp. Scotiabank,66
2,https://www.fifaindex.com/static/FIFA17/images/crest/50/light/1814.png,Stade Lavallois,Ligue 2,66
2,https://www.fifaindex.com/static/FIFA17/images/crest/50/light/110745.png,Jagiellonia,Ekstraklasa,66
2,https://www.fifaindex.com/static/FIFA17/images/crest/50/light/190.png,Brescia,Serie B,66
2,https://www.fifaindex.com/static/FIFA17/images/crest/50/light/111674.png,Al Shabab,ALJ League,66
2,https://www.fifaindex.com/static/FIFA17/images/crest/50/light/919.png,SK Brann,Tippeligaen,66
2,https://www.fifaindex.com/static/FIFA17/images/crest/50/light/112276.png,US OrlÇans,Ligue 2,66
2,https://www.fifaindex.com/static/FIFA17/images/crest/50/light/1815.png,Clermont Foot,Ligue 2,66
2,https://www.fifaindex.com/static/FIFA17/images/crest/50/light/110456.png,Valenciennes FC,Ligue 2,66
2,https://www.fifaindex.com/static/FIFA17/images/crest/50/light/110398.png,Bah°a Blanca,Primera Divisi¢n,66
2,https://www.fifaindex.com/static/FIFA17/images/crest/50/light/710.png,DjurgÜrdens IF,Allsvenskan,66
2,https://www.fifaindex.com/static/FIFA17/images/crest/50/light/112713.png,Jun°n,Primera Divisi¢n,66
2,https://www.fifaindex.com/static/FIFA17/images/crest/50/light/110738.png,Pisa,Serie B,66
2,https://www.fifaindex.com/static/FIFA17/images/crest/50/light/111716.png,Uni¢n,Primera Divisi¢n,66
2,https://www.fifaindex.com/static/FIFA17/images/crest/50/light/322.png,Grasshopper,Raiffeisen SL,66
2,https://www.fifaindex.com/static/FIFA17/images/crest/50/light/112934.png,Cortulu†,Liga Dimayor,66
2,https://www.fifaindex.com/static/FIFA17/images/crest/50/light/112526.png,Envigado,Liga Dimayor,66
2,https://www.fifaindex.com/static/FIFA17/images/crest/50/light/112579.png,Al. Petrolera,Liga Dimayor,66
2,https://www.fifaindex.com/static/FIFA17/images/crest/50/light/112523.png,La Equidad,Liga Dimayor,65
2,https://www.fifaindex.com/static/FIFA17/images/crest/50/light/1445.png,Esbjerg fB,Alka Superliga,65
2,https://www.fifaindex.com/static/FIFA17/images/crest/50/light/1951.png,Oxford United,Football League 1,65
2,https://www.fifaindex.com/static/FIFA17/images/crest/50/light/1478.png,Jeju United,K LEAGUE Classic,65
2,https://www.fifaindex.com/static/FIFA17/images/crest/50/light/110392.png,Rafaela,Primera Divisi¢n,65
2,https://www.fifaindex.com/static/FIFA17/images/crest/50/light/400001.png,None,Primera Divisi¢n,65
2,https://www.fifaindex.com/static/FIFA17/images/crest/50/light/113160.png,Sagan Tosu,Japan J1 League (1),65
2,https://www.fifaindex.com/static/FIFA17/images/crest/50/light/97.png,Millwall,Football League 1,65
2,https://www.fifaindex.com/static/FIFA17/images/crest/50/light/111083.png,Korona Kielce,Ekstraklasa,65
2,https://www.fifaindex.com/static/FIFA17/images/crest/50/light/111327.png,CD Huachipato,Camp. Scotiabank,65
2,https://www.fifaindex.com/static/FIFA17/images/crest/50/light/112092.png,Nagoya,Japan J1 League (1),65
2,https://www.fifaindex.com/static/FIFA17/images/crest/50/light/1802.png,Gillingham,Football League 1,65
2,https://www.fifaindex.com/static/FIFA17/images/crest/50/light/113147.png,Brisigonza,Serie B,65
2,https://www.fifaindex.com/static/FIFA17/images/crest/50/light/631.png,Ross County,Scottish Prem,65
2,https://www.fifaindex.com/static/FIFA17/images/crest/50/light/101151.png,Yokohama F. Marinos,Japan J1 League (1),65
2,https://www.fifaindex.com/static/FIFA17/images/crest/50/light/112531.png,Depor. Iquique,Camp. Scotiabank,65
2,https://www.fifaindex.com/static/FIFA17/images/crest/50/light/708.png,Hammarby IF,Allsvenskan,65
2,https://www.fifaindex.com/static/FIFA17/images/crest/50/light/112709.png,Deportes Temuco,Camp. Scotiabank,65
2,https://www.fifaindex.com/static/FIFA17/images/crest/50/light/1755.png,Aalesunds FK,Tippeligaen,65
2,https://www.fifaindex.com/static/FIFA17/images/crest/50/light/112668.png,San Luis,Camp. Scotiabank,65
2,https://www.fifaindex.com/static/FIFA17/images/crest/50/light/110576.png,Bourg-PÇronnas,Ligue 2,65
2,https://www.fifaindex.com/static/FIFA17/images/crest/50/light/272.png,Odense BK,Alka Superliga,65
2,https://www.fifaindex.com/static/FIFA17/images/crest/50/light/1954.png,Southend United,Football League 1,65
2,https://www.fifaindex.com/static/FIFA17/images/crest/50/light/1439.png,Kalmar FF,Allsvenskan,65
2,https://www.fifaindex.com/static/FIFA17/images/crest/50/light/112398.png,Vercelli,Serie B,65
2,https://www.fifaindex.com/static/FIFA17/images/crest/50/light/1813.png,Cham. Niortais,Ligue 2,65
2,https://www.fifaindex.com/static/FIFA17/images/crest/50/light/820.png,Aalborg BK,Alka Superliga,65
2,https://www.fifaindex.com/static/FIFA17/images/crest/50/light/100804.png,St. Johnstone,Scottish Prem,65
2,https://www.fifaindex.com/static/FIFA17/images/crest/50/light/110976.png,Wanderers,Camp. Scotiabank,65
2,https://www.fifaindex.com/static/FIFA17/images/crest/50/light/1924.png,Chesterfield,Football League 1,65
2,https://www.fifaindex.com/static/FIFA17/images/crest/50/light/1928.png,Port Vale,Football League 1,65
2,https://www.fifaindex.com/static/FIFA17/images/crest/50/light/1804.png,Bradford City,Football League 1,65
2,https://www.fifaindex.com/static/FIFA17/images/crest/50/light/112427.png,WS Wanderers,Hyundai A-League,65
2,https://www.fifaindex.com/static/FIFA17/images/crest/50/light/1800.png,Coventry City,Football League 1,65
2,https://www.fifaindex.com/static/FIFA17/images/crest/50/light/112903.png,Jaguares,Liga Dimayor,65
2,https://www.fifaindex.com/static/FIFA17/images/crest/50/light/400001.png,None,Liga Dimayor,65
1.5,https://www.fifaindex.com/static/FIFA17/images/crest/50/light/101144.png,Iwata,Japan J1 League (1),64
1.5,https://www.fifaindex.com/static/FIFA17/images/crest/50/light/112393.png,Al Taawoun,ALJ League,64
1.5,https://www.fifaindex.com/static/FIFA17/images/crest/50/light/110978.png,CD Cobresal,Camp. Scotiabank,64
1.5,https://www.fifaindex.com/static/FIFA17/images/crest/50/light/112836.png,Vegalta Sendai,Japan J1 League (1),64
1.5,https://www.fifaindex.com/static/FIFA17/images/crest/50/light/112345.png,Omiya Ardija,Japan J1 League (1),64
1.5,https://www.fifaindex.com/static/FIFA17/images/crest/50/light/1945.png,Bury,Football League 1,64
1.5,https://www.fifaindex.com/static/FIFA17/images/crest/50/light/1754.png,Partick Thistle,Scottish Prem,64
1.5,https://www.fifaindex.com/static/FIFA17/images/crest/50/light/1949.png,Scunthorpe Utd,Football League 1,64
1.5,https://www.fifaindex.com/static/FIFA17/images/crest/50/light/110565.png,G¢rnik ??czna,Ekstraklasa,64
1.5,https://www.fifaindex.com/static/FIFA17/images/crest/50/light/110765.png,Incheon United,K LEAGUE Classic,64
1.5,https://www.fifaindex.com/static/FIFA17/images/crest/50/light/299.png,Lillestrõm SK,Tippeligaen,64
1.5,https://www.fifaindex.com/static/FIFA17/images/crest/50/light/1816.png,Amiens SC,Ligue 2,64
1.5,https://www.fifaindex.com/static/FIFA17/images/crest/50/light/1930.png,Northampton,Football League 1,64
1.5,https://www.fifaindex.com/static/FIFA17/images/crest/50/light/112510.png,Termalica,Ekstraklasa,64
1.5,https://www.fifaindex.com/static/FIFA17/images/crest/50/light/705.png,ôrebro SK,Allsvenskan,64
1.5,https://www.fifaindex.com/static/FIFA17/images/crest/50/light/1920.png,Oldham Athletic,Football League 1,64
1.5,https://www.fifaindex.com/static/FIFA17/images/crest/50/light/780.png,SV Ried,ô. Bundesliga,64
1.5,https://www.fifaindex.com/static/FIFA17/images/crest/50/light/111993.png,Cittadella,Serie B,64
1.5,https://www.fifaindex.com/static/FIFA17/images/crest/50/light/1958.png,Leyton Orient,Football League 2,64
1.5,https://www.fifaindex.com/static/FIFA17/images/crest/50/light/111766.png,Well. Phoenix,Hyundai A-League,64
1.5,https://www.fifaindex.com/static/FIFA17/images/crest/50/light/1790.png,Portsmouth,Football League 2,64
1.5,https://www.fifaindex.com/static/FIFA17/images/crest/50/light/432.png,Helsingborgs IF,Allsvenskan,64
1.5,https://www.fifaindex.com/static/FIFA17/images/crest/50/light/112019.png,Boyac† Chic¢,Liga Dimayor,64
1.5,https://www.fifaindex.com/static/FIFA17/images/crest/50/light/300.png,Viking FK,Tippeligaen,64
1.5,https://www.fifaindex.com/static/FIFA17/images/crest/50/light/113161.png,Shonan Bellmare,Japan J1 League (1),64
1.5,https://www.fifaindex.com/static/FIFA17/images/crest/50/light/1938.png,Peterborough,Football League 1,64
1.5,https://www.fifaindex.com/static/FIFA17/images/crest/50/light/112199.png,Sarpsborg 08 FF,Tippeligaen,64
1.5,https://www.fifaindex.com/static/FIFA17/images/crest/50/light/1962.png,Bristol Rovers,Football League 1,64
1.5,https://www.fifaindex.com/static/FIFA17/images/crest/50/light/142.png,Doncaster,Football League 2,64
1.5,https://www.fifaindex.com/static/FIFA17/images/crest/50/light/112558.png,Suwon FC,K LEAGUE Classic,64
1.5,https://www.fifaindex.com/static/FIFA17/images/crest/50/light/400002.png,None,K LEAGUE Classic,64
1.5,https://www.fifaindex.com/static/FIFA17/images/crest/50/light/1937.png,Notts County,Football League 2,64
1.5,https://www.fifaindex.com/static/FIFA17/images/crest/50/light/127.png,Shrewsbury,Football League 1,64
1.5,https://www.fifaindex.com/static/FIFA17/images/crest/50/light/1785.png,SV Mattersburg,ô. Bundesliga,64
1.5,https://www.fifaindex.com/static/FIFA17/images/crest/50/light/100325.png,HJK Helsinki,Rest of World,64
1.5,https://www.fifaindex.com/static/FIFA17/images/crest/50/light/112259.png,AFC Wimbledon,Football League 1,64
1.5,https://www.fifaindex.com/static/FIFA17/images/crest/50/light/1443.png,Viborg FF,Alka Superliga,64
1.5,https://www.fifaindex.com/static/FIFA17/images/crest/50/light/112096.png,Al-Ettifaq,ALJ League,64
1.5,https://www.fifaindex.com/static/FIFA17/images/crest/50/light/2055.png,Sangju Sangmu,K LEAGUE Classic,64
1.5,https://www.fifaindex.com/static/FIFA17/images/crest/50/light/1803.png,Walsall,Football League 1,64
1.5,https://www.fifaindex.com/static/FIFA17/images/crest/50/light/111822.png,Wolfsberger AC,ô. Bundesliga,64
1.5,https://www.fifaindex.com/static/FIFA17/images/crest/50/light/1463.png,FK Haugesund,Tippeligaen,64
1.5,https://www.fifaindex.com/static/FIFA17/images/crest/50/light/917.png,Stabëk Fotball,Tippeligaen,64
1.5,https://www.fifaindex.com/static/FIFA17/images/crest/50/light/15009.png,SCR Altach,ô. Bundesliga,64
1.5,https://www.fifaindex.com/static/FIFA17/images/crest/50/light/112528.png,AtlÇtico Huila,Liga Dimayor,64
1.5,https://www.fifaindex.com/static/FIFA17/images/crest/50/light/620.png,Inverness CT,Scottish Prem,64
1.5,https://www.fifaindex.com/static/FIFA17/images/crest/50/light/874.png,Ruch Chorz¢w,Ekstraklasa,64
1.5,https://www.fifaindex.com/static/FIFA17/images/crest/50/light/82.png,Kilmarnock,Scottish Prem,63
1.5,https://www.fifaindex.com/static/FIFA17/images/crest/50/light/112389.png,Al Faisaly,ALJ League,63
1.5,https://www.fifaindex.com/static/FIFA17/images/crest/50/light/113162.png,Ventforet Kofu,Japan J1 League (1),63
1.5,https://www.fifaindex.com/static/FIFA17/images/crest/50/light/112130.png,Jînkîpings Sîdra IF,Allsvenskan,63
1.5,https://www.fifaindex.com/static/FIFA17/images/crest/50/light/1446.png,AC Horsens,Alka Superliga,63
1.5,https://www.fifaindex.com/static/FIFA17/images/crest/50/light/918.png,FK Bodõ/Glimt,Tippeligaen,63
1.5,https://www.fifaindex.com/static/FIFA17/images/crest/50/light/112392.png,Al Raed,ALJ League,63
1.5,https://www.fifaindex.com/static/FIFA17/images/crest/50/light/1934.png,Swindon Town,Football League 1,63
1.5,https://www.fifaindex.com/static/FIFA17/images/crest/50/light/1955.png,Rochdale,Football League 1,63
1.5,https://www.fifaindex.com/static/FIFA17/images/crest/50/light/112883.png,Al Khaleej,ALJ League,63
1.5,https://www.fifaindex.com/static/FIFA17/images/crest/50/light/1788.png,FC Nordsjëlland,Alka Superliga,63
1.5,https://www.fifaindex.com/static/FIFA17/images/crest/50/light/112408.png,Al Wehda,ALJ League,63
1.5,https://www.fifaindex.com/static/FIFA17/images/crest/50/light/112258.png,GwangJu FC,K LEAGUE Classic,63
1.5,https://www.fifaindex.com/static/FIFA17/images/crest/50/light/1940.png,Mansfield Town,Football League 2,63
1.5,https://www.fifaindex.com/static/FIFA17/images/crest/50/light/400001.png,None,Football League 2,63
1.5,https://www.fifaindex.com/static/FIFA17/images/crest/50/light/1929.png,Plymouth Argyle,Football League 2,63
1.5,https://www.fifaindex.com/static/FIFA17/images/crest/50/light/83.png,Motherwell,Scottish Prem,63
1.5,https://www.fifaindex.com/static/FIFA17/images/crest/50/light/1923.png,Luton Town,Football League 2,63
1.5,https://www.fifaindex.com/static/FIFA17/images/crest/50/light/112075.png,SKN St. Pîlten,ô. Bundesliga,63
1.5,https://www.fifaindex.com/static/FIFA17/images/crest/50/light/112260.png,Fleetwood Town,Football League 1,63
1.5,https://www.fifaindex.com/static/FIFA17/images/crest/50/light/111821.png,Admira Wacker,ô. Bundesliga,63
1.5,https://www.fifaindex.com/static/FIFA17/images/crest/50/light/184.png,Hamilton,Scottish Prem,63
1.5,https://www.fifaindex.com/static/FIFA17/images/crest/50/light/143.png,Exeter City,Football League 2,63
1.5,https://www.fifaindex.com/static/FIFA17/images/crest/50/light/1569.png,Wis?a P?ock,Ekstraklasa,63
1.5,https://www.fifaindex.com/static/FIFA17/images/crest/50/light/10032.png,FC Lugano,Raiffeisen SL,63
1.5,https://www.fifaindex.com/static/FIFA17/images/crest/50/light/112906.png,Albirex Niigata,Japan J1 League (1),63
1.5,https://www.fifaindex.com/static/FIFA17/images/crest/50/light/418.png,Tromsõ IL,Tippeligaen,63
1.5,https://www.fifaindex.com/static/FIFA17/images/crest/50/light/111082.png,Arka Gdynia,Ekstraklasa,63
1.5,https://www.fifaindex.com/static/FIFA17/images/crest/50/light/113173.png,ôstersunds FK,Allsvenskan,63
1.5,https://www.fifaindex.com/static/FIFA17/images/crest/50/light/15001.png,Lyngby BK,Alka Superliga,63
1.5,https://www.fifaindex.com/static/FIFA17/images/crest/50/light/1862.png,FC Lausanne,Raiffeisen SL,63
1.5,https://www.fifaindex.com/static/FIFA17/images/crest/50/light/180.png,Dundee FC,Scottish Prem,63
1.5,https://www.fifaindex.com/static/FIFA17/images/crest/50/light/400000.png,None,Scottish Prem,63
1,https://www.fifaindex.com/static/FIFA17/images/crest/50/light/111277.png,Gefle IF,Allsvenskan,62
1,https://www.fifaindex.com/static/FIFA17/images/crest/50/light/111398.png,Newcastle Jets,Hyundai A-League,62
1,https://www.fifaindex.com/static/FIFA17/images/crest/50/light/111396.png,Central Coast,Hyundai A-League,62
1,https://www.fifaindex.com/static/FIFA17/images/crest/50/light/112391.png,Al Qadisiyah,ALJ League,62
1,https://www.fifaindex.com/static/FIFA17/images/crest/50/light/110313.png,Accrington,Football League 2,62
1,https://www.fifaindex.com/static/FIFA17/images/crest/50/light/1933.png,Wycombe,Football League 2,62
1,https://www.fifaindex.com/static/FIFA17/images/crest/50/light/113186.png,Avispa Fukuoka,Japan J1 League (1),62
1,https://www.fifaindex.com/static/FIFA17/images/crest/50/light/1465.png,Sogndal,Tippeligaen,62
1,https://www.fifaindex.com/static/FIFA17/images/crest/50/light/110890.png,Crawley Town,Football League 2,62
1,https://www.fifaindex.com/static/FIFA17/images/crest/50/light/1480.png,Carlisle United,Football League 2,62
1,https://www.fifaindex.com/static/FIFA17/images/crest/50/light/1926.png,Blackpool,Football League 2,62
1,https://www.fifaindex.com/static/FIFA17/images/crest/50/light/1524.png,IK Start,Tippeligaen,62
1,https://www.fifaindex.com/static/FIFA17/images/crest/50/light/286.png,FC Vaduz,Raiffeisen SL,62
1,https://www.fifaindex.com/static/FIFA17/images/crest/50/light/112834.png,Fortaleza FC,Liga Dimayor,62
1,https://www.fifaindex.com/static/FIFA17/images/crest/50/light/1944.png,Cambridge Utd,Football League 2,62
1,https://www.fifaindex.com/static/FIFA17/images/crest/50/light/837.png,Dundalk,SSE Airtricity Lge,62
1,https://www.fifaindex.com/static/FIFA17/images/crest/50/light/1596.png,GIF Sundsvall,Allsvenskan,62
1,https://www.fifaindex.com/static/FIFA17/images/crest/50/light/1715.png,FC Thun,Raiffeisen SL,62
1,https://www.fifaindex.com/static/FIFA17/images/crest/50/light/361.png,Stevenage,Football League 2,62
1,https://www.fifaindex.com/static/FIFA17/images/crest/50/light/121.png,Crewe Alexandra,Football League 2,61
1,https://www.fifaindex.com/static/FIFA17/images/crest/50/light/135.png,Barnet,Football League 2,61
1,https://www.fifaindex.com/static/FIFA17/images/crest/50/light/270.png,Silkeborg IF,Alka Superliga,61
1,https://www.fifaindex.com/static/FIFA17/images/crest/50/light/346.png,Yeovil Town,Football League 2,61
1,https://www.fifaindex.com/static/FIFA17/images/crest/50/light/112254.png,Newport County,Football League 2,61
1,https://www.fifaindex.com/static/FIFA17/images/crest/50/light/112169.png,Falkenbergs FF,Allsvenskan,61
1,https://www.fifaindex.com/static/FIFA17/images/crest/50/light/1941.png,Hartlepool,Football League 2,61
1,https://www.fifaindex.com/static/FIFA17/images/crest/50/light/1935.png,Colchester,Football League 2,61
1,https://www.fifaindex.com/static/FIFA17/images/crest/50/light/112990.png,Al Batin,ALJ League,60
1,https://www.fifaindex.com/static/FIFA17/images/crest/50/light/422.png,Cork City,SSE Airtricity Lge,60
1,https://www.fifaindex.com/static/FIFA17/images/crest/50/light/357.png,Morecambe,Football League 2,60
1,https://www.fifaindex.com/static/FIFA17/images/crest/50/light/400001.png,None,Football League 2,60
1,https://www.fifaindex.com/static/FIFA17/images/crest/50/light/92.png,Grimsby Town,Football League 2,60
1,https://www.fifaindex.com/static/FIFA17/images/crest/50/light/400000.png,None,Football League 2,60
0.5,https://www.fifaindex.com/static/FIFA17/images/crest/50/light/445.png,Derry City,SSE Airtricity Lge,59
0.5,https://www.fifaindex.com/static/FIFA17/images/crest/50/light/423.png,St. Pats,SSE Airtricity Lge,59
0.5,https://www.fifaindex.com/static/FIFA17/images/crest/50/light/1936.png,Cheltenham Town,Football League 2,59
0.5,https://www.fifaindex.com/static/FIFA17/images/crest/50/light/305.png,Bohemian FC,SSE Airtricity Lge,59
0.5,https://www.fifaindex.com/static/FIFA17/images/crest/50/light/306.png,Shamrock Rovers,SSE Airtricity Lge,59
0.5,https://www.fifaindex.com/static/FIFA17/images/crest/50/light/563.png,Sligo Rovers,SSE Airtricity Lge,57
0.5,https://www.fifaindex.com/static/FIFA17/images/crest/50/light/838.png,Bray Wanderers,SSE Airtricity Lge,57
0.5,https://www.fifaindex.com/static/FIFA17/images/crest/50/light/1571.png,Galway United,SSE Airtricity Lge,56
0.5,https://www.fifaindex.com/static/FIFA17/images/crest/50/light/1586.png,Longford Town,SSE Airtricity Lge,55
0.5,https://www.fifaindex.com/static/FIFA17/images/crest/50/light/111968.png,Wexford Youths,SSE Airtricity Lge,54
0.5,https://www.fifaindex.com/static/FIFA17/images/crest/50/light/111131.png,Finn Harps,SSE Airtricity Lge,54
