https://www.fifaindex.com/teams/,FC Bayern,Bundesliga,86
https://www.fifaindex.com/teams/,Real Madrid,Liga BBVA,86
https://www.fifaindex.com/teams/,Juventus,Serie A TIM,85
https://www.fifaindex.com/teams/,FC Barcelona,Liga BBVA,84
https://www.fifaindex.com/teams/,Chelsea,Barclays PL,84
https://www.fifaindex.com/teams/,Manchester Utd,Barclays PL,83
https://www.fifaindex.com/teams/,Arsenal,Barclays PL,83
https://www.fifaindex.com/teams/,PSG,Ligue 1,83
https://www.fifaindex.com/teams/,Manchester City,Barclays PL,83
https://www.fifaindex.com/teams/,Atlético Madrid,Liga BBVA,83
https://www.fifaindex.com/teams/,Spurs,Barclays PL,82
https://www.fifaindex.com/teams/,Liverpool,Barclays PL,82
https://www.fifaindex.com/teams/,Bor. Dortmund,Bundesliga,82
https://www.fifaindex.com/teams/,Napoli,Serie A TIM,81
https://www.fifaindex.com/teams/,Roma,Serie A TIM,81
https://www.fifaindex.com/teams/,AS Monaco,Ligue 1,80
https://www.fifaindex.com/teams/,Inter,Serie A TIM,80
https://www.fifaindex.com/teams/,Sevilla FC,Liga BBVA,80
https://www.fifaindex.com/teams/,Villarreal CF,Liga BBVA,80
https://www.fifaindex.com/teams/,Everton,Barclays PL,80
https://www.fifaindex.com/teams/,Milan,Serie A TIM,80
https://www.fifaindex.com/teams/,Athletic Bilbao,Liga BBVA,79
https://www.fifaindex.com/teams/,Lazio,Serie A TIM,79
https://www.fifaindex.com/teams/,Sporting CP,Liga NOS,79
https://www.fifaindex.com/teams/,Real Sociedad,Liga BBVA,79
https://www.fifaindex.com/teams/,West Ham,Barclays PL,79
https://www.fifaindex.com/teams/,FC Porto,Liga NOS,79
https://www.fifaindex.com/teams/,Beşiktaş,Süper Lig,79
https://www.fifaindex.com/teams/,SL Benfica,Liga NOS,79
https://www.fifaindex.com/teams/,OGC Nice,Ligue 1,78
https://www.fifaindex.com/teams/2/,VfL Wolfsburg,Bundesliga,78
https://www.fifaindex.com/teams/2/,Leicester City,Barclays PL,78
https://www.fifaindex.com/teams/2/,Bor. M'gladbach,Bundesliga,78
https://www.fifaindex.com/teams/2/,RCD Espanyol,Liga BBVA,78
https://www.fifaindex.com/teams/2/,Olym. Marseille,Ligue 1,78
https://www.fifaindex.com/teams/2/,Valencia CF,Liga BBVA,78
https://www.fifaindex.com/teams/2/,Southampton,Barclays PL,78
https://www.fifaindex.com/teams/2/,Zenit,Russian League,78
https://www.fifaindex.com/teams/2/,Bayer 04,Bundesliga,78
https://www.fifaindex.com/teams/2/,Fenerbahçe,Süper Lig,78
https://www.fifaindex.com/teams/2/,FC Schalke 04,Bundesliga,78
https://www.fifaindex.com/teams/2/,Torino,Serie A TIM,77
https://www.fifaindex.com/teams/2/,West Brom,Barclays PL,77
https://www.fifaindex.com/teams/2/,Hertha BSC,Bundesliga,77
https://www.fifaindex.com/teams/2/,1899 Hoffenheim,Bundesliga,77
https://www.fifaindex.com/teams/2/,Spartak Moscow,Russian League,77
https://www.fifaindex.com/teams/2/,Olym. Lyonnais,Ligue 1,77
https://www.fifaindex.com/teams/2/,Stoke City,Barclays PL,77
https://www.fifaindex.com/teams/2/,RC Deportivo,Liga BBVA,77
https://www.fifaindex.com/teams/2/,SD Eibar,Liga BBVA,77
https://www.fifaindex.com/teams/2/,Real Betis,Liga BBVA,77
https://www.fifaindex.com/teams/2/,Celta Vigo,Liga BBVA,77
https://www.fifaindex.com/teams/2/,Fiorentina,Serie A TIM,77
https://www.fifaindex.com/teams/2/,Watford,Barclays PL,77
https://www.fifaindex.com/teams/2/,Galatasaray,Süper Lig,77
https://www.fifaindex.com/teams/2/,RB Leipzig,Bundesliga,77
https://www.fifaindex.com/teams/2/,Shakhtar Donetsk,Rest of World,77
https://www.fifaindex.com/teams/2/,UD Las Palmas,Liga BBVA,77
https://www.fifaindex.com/teams/2/,1. FC Köln,Bundesliga,77
https://www.fifaindex.com/teams/2/,Crystal Palace,Barclays PL,76
https://www.fifaindex.com/teams/3/,Eint. Frankfurt,Bundesliga,76
https://www.fifaindex.com/teams/3/,Málaga CF,Liga BBVA,76
https://www.fifaindex.com/teams/3/,Swansea City,Barclays PL,76
https://www.fifaindex.com/teams/3/,Sassuolo,Serie A TIM,76
https://www.fifaindex.com/teams/3/,Feyenoord,Eredivisie,76
https://www.fifaindex.com/teams/3/,Lokomotiv Moscow,Russian League,76
https://www.fifaindex.com/teams/3/,Medipol Başakşehir,Süper Lig,76
https://www.fifaindex.com/teams/3/,Ajax,Eredivisie,76
https://www.fifaindex.com/teams/3/,Tigres,LIGA Bancomer MX,75
https://www.fifaindex.com/teams/3/,Sampdoria,Serie A TIM,75
https://www.fifaindex.com/teams/3/,Colo-Colo,Camp. Scotiabank,75
https://www.fifaindex.com/teams/3/,Girona CF,Liga BBVA,75
https://www.fifaindex.com/teams/3/,Deport. Alavés,Liga BBVA,75
https://www.fifaindex.com/teams/3/,RSC Anderlecht,Pro League,75
https://www.fifaindex.com/teams/3/,FC Krasnodar,Russian League,75
https://www.fifaindex.com/teams/3/,Atalanta,Serie A TIM,75
https://www.fifaindex.com/teams/3/,1. FSV Mainz 05,Bundesliga,75
https://www.fifaindex.com/teams/3/,Werder Bremen,Bundesliga,75
https://www.fifaindex.com/teams/3/,Trabzonspor,Süper Lig,75
https://www.fifaindex.com/teams/3/,Giron. Bordeaux,Ligue 1,75
https://www.fifaindex.com/teams/3/,Bournemouth,Barclays PL,75
https://www.fifaindex.com/teams/3/,Bologna,Serie A TIM,75
https://www.fifaindex.com/teams/3/,CSKA Moscow,Russian League,75
https://www.fifaindex.com/teams/3/,Olympiakos CFP,Rest of World,75
https://www.fifaindex.com/teams/3/,Burnley,Barclays PL,75
https://www.fifaindex.com/teams/3/,Hamburger SV,Bundesliga,75
https://www.fifaindex.com/teams/3/,Rubin Kazan,Russian League,75
https://www.fifaindex.com/teams/3/,Chievo Verona,Serie A TIM,75
https://www.fifaindex.com/teams/3/,SC Braga,Liga NOS,75
https://www.fifaindex.com/teams/3/,Newcastle Utd,Barclays PL,75
https://www.fifaindex.com/teams/4/,CD Leganés,Liga BBVA,75
https://www.fifaindex.com/teams/4/,PSV,Eredivisie,75
https://www.fifaindex.com/teams/4/,AS Saint-Étienne,Ligue 1,75
https://www.fifaindex.com/teams/4/,Genoa,Serie A TIM,75
https://www.fifaindex.com/teams/4/,Monterrey,LIGA Bancomer MX,74
https://www.fifaindex.com/teams/4/,FC Augsburg,Bundesliga,74
https://www.fifaindex.com/teams/4/,Antalyaspor,Süper Lig,74
https://www.fifaindex.com/teams/4/,EA Guingamp,Ligue 1,74
https://www.fifaindex.com/teams/4/,Boca Juniors,Primera División,74
https://www.fifaindex.com/teams/4/,Levante UD,Liga BBVA,74
https://www.fifaindex.com/teams/4/,Toulouse FC,Ligue 1,74
https://www.fifaindex.com/teams/4/,Celtic,Scottish Prem,74
https://www.fifaindex.com/teams/4/,San Lorenzo,Primera División,74
https://www.fifaindex.com/teams/4/,Hannover 96,Bundesliga,74
https://www.fifaindex.com/teams/4/,FC Nantes,Ligue 1,74
https://www.fifaindex.com/teams/4/,PAOK,Rest of World,74
https://www.fifaindex.com/teams/4/,Uni. de Chile,Camp. Scotiabank,74
https://www.fifaindex.com/teams/4/,Uni. Católica,Camp. Scotiabank,74
https://www.fifaindex.com/teams/4/,River Plate,Primera División,74
https://www.fifaindex.com/teams/4/,Brighton,Barclays PL,74
https://www.fifaindex.com/teams/4/,CD O'Higgins,Camp. Scotiabank,74
https://www.fifaindex.com/teams/4/,Cagliari,Serie A TIM,74
https://www.fifaindex.com/teams/4/,Getafe CF,Liga BBVA,74
https://www.fifaindex.com/teams/4/,Independiente,Primera División,74
https://www.fifaindex.com/teams/4/,Udinese,Serie A TIM,74
https://www.fifaindex.com/teams/4/,Angers SCO,Ligue 1,74
https://www.fifaindex.com/teams/4/,Stade Rennais,Ligue 1,74
https://www.fifaindex.com/teams/4/,VfB Stuttgart,Bundesliga,74
https://www.fifaindex.com/teams/4/,V. Guimarães,Liga NOS,74
https://www.fifaindex.com/teams/4/,Santos,Liga do Brasil,74
https://www.fifaindex.com/teams/5/,Club Brugge,Pro League,74
https://www.fifaindex.com/teams/5/,Rayo Vallecano,Liga Adelante,73
https://www.fifaindex.com/teams/5/,Lanús,Primera División,73
https://www.fifaindex.com/teams/5/,Wolves,FL Championship,73
https://www.fifaindex.com/teams/5/,Grêmio,Liga do Brasil,73
https://www.fifaindex.com/teams/5/,Granada CF,Liga Adelante,73
https://www.fifaindex.com/teams/5/,Huddersfield,Barclays PL,73
https://www.fifaindex.com/teams/5/,Al Hilal,ALJ League,73
https://www.fifaindex.com/teams/5/,Spal,Serie A TIM,73
https://www.fifaindex.com/teams/5/,FC Basel,Raiffeisen SL,73
https://www.fifaindex.com/teams/5/,SC Freiburg,Bundesliga,73
https://www.fifaindex.com/teams/5/,Montpellier HSC,Ligue 1,73
https://www.fifaindex.com/teams/5/,SM Caen,Ligue 1,73
https://www.fifaindex.com/teams/5/,Middlesbrough,FL Championship,73
https://www.fifaindex.com/teams/5/,América,LIGA Bancomer MX,73
https://www.fifaindex.com/teams/5/,KAA Gent,Pro League,73
https://www.fifaindex.com/teams/5/,Palmeiras,Liga do Brasil,73
https://www.fifaindex.com/teams/5/,CA Osasuna,Liga Adelante,73
https://www.fifaindex.com/teams/5/,Cruzeiro,Liga do Brasil,73
https://www.fifaindex.com/teams/5/,Botafogo,Liga do Brasil,73
https://www.fifaindex.com/teams/5/,Unión Española,Camp. Scotiabank,73
https://www.fifaindex.com/teams/5/,Sporting Gijón,Liga Adelante,73
https://www.fifaindex.com/teams/5/,Uni. Concepción,Camp. Scotiabank,73
https://www.fifaindex.com/teams/5/,LOSC Lille,Ligue 1,73
https://www.fifaindex.com/teams/5/,Osmanlıspor,Süper Lig,73
https://www.fifaindex.com/teams/5/,Aston Villa,FL Championship,73
https://www.fifaindex.com/teams/5/,Al Ahli,ALJ League,72
https://www.fifaindex.com/teams/5/,Tijuana,LIGA Bancomer MX,72
https://www.fifaindex.com/teams/5/,Pachuca,LIGA Bancomer MX,72
https://www.fifaindex.com/teams/5/,Amiens SC,Ligue 1,72
https://www.fifaindex.com/teams/6/,AEK Athens,Rest of World,72
https://www.fifaindex.com/teams/6/,Leeds United,FL Championship,72
https://www.fifaindex.com/teams/6/,Racing Club,Primera División,72
https://www.fifaindex.com/teams/6/,Sparta Praha,Rest of World,72
https://www.fifaindex.com/teams/6/,Panathinaikos,Rest of World,72
https://www.fifaindex.com/teams/6/,Atlético Mineiro,Liga do Brasil,72
https://www.fifaindex.com/teams/6/,Kayserispor,Süper Lig,72
https://www.fifaindex.com/teams/6/,Guadalajara,LIGA Bancomer MX,72
https://www.fifaindex.com/teams/6/,Cruz Azul,LIGA Bancomer MX,72
https://www.fifaindex.com/teams/6/,Hellas Verona,Serie A TIM,72
https://www.fifaindex.com/teams/6/,Fluminense,Liga do Brasil,72
https://www.fifaindex.com/teams/6/,Standard Liège,Pro League,72
https://www.fifaindex.com/teams/6/,Norwich,FL Championship,72
https://www.fifaindex.com/teams/6/,Fulham,FL Championship,72
https://www.fifaindex.com/teams/6/,Bursaspor,Süper Lig,72
https://www.fifaindex.com/teams/6/,Depor. Iquique,Camp. Scotiabank,72
https://www.fifaindex.com/teams/6/,Benevento,Serie A TIM,72
https://www.fifaindex.com/teams/6/,FC Metz,Ligue 1,72
https://www.fifaindex.com/teams/6/,AZ,Eredivisie,72
https://www.fifaindex.com/teams/6/,Sheffield Wed,FL Championship,72
https://www.fifaindex.com/teams/6/,Reading,FL Championship,72
https://www.fifaindex.com/teams/6/,León,LIGA Bancomer MX,72
https://www.fifaindex.com/teams/6/,Rio Ave,Liga NOS,72
https://www.fifaindex.com/teams/6/,Hull City,FL Championship,72
https://www.fifaindex.com/teams/6/,KRC Genk,Pro League,72
https://www.fifaindex.com/teams/6/,Sunderland,FL Championship,72
https://www.fifaindex.com/teams/6/,Dijon FCO,Ligue 1,72
https://www.fifaindex.com/teams/6/,FC Ingolstadt,Bundesliga 2,72
https://www.fifaindex.com/teams/6/,Derby County,FL Championship,72
https://www.fifaindex.com/teams/6/,CD Aves,Liga NOS,72
https://www.fifaindex.com/teams/7/,FC Utrecht,Eredivisie,72
https://www.fifaindex.com/teams/7/,CD Everton,Camp. Scotiabank,72
https://www.fifaindex.com/teams/7/,Birmingham City,FL Championship,72
https://www.fifaindex.com/teams/7/,Chaves,Liga NOS,72
https://www.fifaindex.com/teams/7/,Atl. Nacional,Liga Dimayor,72
https://www.fifaindex.com/teams/7/,Monarcas Morelia,LIGA Bancomer MX,71
https://www.fifaindex.com/teams/7/,Junior,Liga Dimayor,71
https://www.fifaindex.com/teams/7/,Toronto FC,MLS,71
https://www.fifaindex.com/teams/7/,Konyaspor,Süper Lig,71
https://www.fifaindex.com/teams/7/,Toluca,LIGA Bancomer MX,71
https://www.fifaindex.com/teams/7/,Sivasspor,Süper Lig,71
https://www.fifaindex.com/teams/7/,Sport,Liga do Brasil,71
https://www.fifaindex.com/teams/7/,Real Valladolid,Liga Adelante,71
https://www.fifaindex.com/teams/7/,SC Heerenveen,Eredivisie,71
https://www.fifaindex.com/teams/7/,Atlas,LIGA Bancomer MX,71
https://www.fifaindex.com/teams/7/,Dinamo Moscow,Russian League,71
https://www.fifaindex.com/teams/7/,KV Oostende,Pro League,71
https://www.fifaindex.com/teams/7/,LA Galaxy,MLS,71
https://www.fifaindex.com/teams/7/,FC Lorient,Ligue 2,71
https://www.fifaindex.com/teams/7/,Vitesse,Eredivisie,71
https://www.fifaindex.com/teams/7/,Göztepe,Süper Lig,71
https://www.fifaindex.com/teams/7/,VfL Bochum,Bundesliga 2,71
https://www.fifaindex.com/teams/7/,Belenenses,Liga NOS,71
https://www.fifaindex.com/teams/7/,Santos Laguna,LIGA Bancomer MX,71
https://www.fifaindex.com/teams/7/,Boavista,Liga NOS,71
https://www.fifaindex.com/teams/7/,FC Rostov,Russian League,71
https://www.fifaindex.com/teams/7/,Necaxa,LIGA Bancomer MX,71
https://www.fifaindex.com/teams/7/,Paços Ferreira,Liga NOS,71
https://www.fifaindex.com/teams/7/,CD Tenerife,Liga Adelante,71
https://www.fifaindex.com/teams/7/,Estudiantes,Primera División,71
https://www.fifaindex.com/teams/8/,Ind. Santa Fe,Liga Dimayor,71
https://www.fifaindex.com/teams/8/,V. Setúbal,Liga NOS,71
https://www.fifaindex.com/teams/8/,SV Darmstadt,Bundesliga 2,71
https://www.fifaindex.com/teams/8/,CD Antofagasta,Camp. Scotiabank,71
https://www.fifaindex.com/teams/8/,Terek Grozny,Russian League,71
https://www.fifaindex.com/teams/8/,Rangers,Scottish Prem,71
https://www.fifaindex.com/teams/8/,CD Huachipato,Camp. Scotiabank,71
https://www.fifaindex.com/teams/8/,Coritiba,Liga do Brasil,71
https://www.fifaindex.com/teams/8/,Union Berlin,Bundesliga 2,71
https://www.fifaindex.com/teams/8/,Bari,Serie B,71
https://www.fifaindex.com/teams/8/,Sounders FC,MLS,71
https://www.fifaindex.com/teams/8/,Marítimo,Liga NOS,71
https://www.fifaindex.com/teams/8/,FC København,Alka Superliga,71
https://www.fifaindex.com/teams/8/,Parque Patricios,Primera División,71
https://www.fifaindex.com/teams/8/,Atl. Paranaense,Liga do Brasil,71
https://www.fifaindex.com/teams/8/,RC Strasbourg,Ligue 1,71
https://www.fifaindex.com/teams/8/,Legia Warszawa,Ekstraklasa,71
https://www.fifaindex.com/teams/8/,Whitecaps FC,MLS,70
https://www.fifaindex.com/teams/8/,Columbus Crew SC,MLS,70
https://www.fifaindex.com/teams/8/,Alanyaspor,Süper Lig,70
https://www.fifaindex.com/teams/8/,Portland,MLS,70
https://www.fifaindex.com/teams/8/,Atlanta United FC,MLS,70
https://www.fifaindex.com/teams/8/,U.N.A.M.,LIGA Bancomer MX,70
https://www.fifaindex.com/teams/8/,Rosario Central,Primera División,70
https://www.fifaindex.com/teams/8/,São Paulo,Liga do Brasil,70
https://www.fifaindex.com/teams/8/,Al Nassr,ALJ League,70
https://www.fifaindex.com/teams/8/,FC Ufa,Russian League,70
https://www.fifaindex.com/teams/8/,FC St. Pauli,Bundesliga 2,70
https://www.fifaindex.com/teams/8/,Chicago Fire,MLS,70
https://www.fifaindex.com/teams/8/,Nott'm Forest,FL Championship,70
https://www.fifaindex.com/teams/9/,ES Troyes AC,Ligue 1,70
https://www.fifaindex.com/teams/9/,Lech Poznań,Ekstraklasa,70
https://www.fifaindex.com/teams/9/,Santa Fe,Primera División,70
https://www.fifaindex.com/teams/9/,RB Salzburg,Ö. Bundesliga,70
https://www.fifaindex.com/teams/9/,Orlando City,MLS,70
https://www.fifaindex.com/teams/9/,Gimnàstic,Liga Adelante,70
https://www.fifaindex.com/teams/9/,Kasimpaşa,Süper Lig,70
https://www.fifaindex.com/teams/9/,Palermo,Serie B,70
https://www.fifaindex.com/teams/9/,Cardiff City,FL Championship,70
https://www.fifaindex.com/teams/9/,Karabükspor,Süper Lig,70
https://www.fifaindex.com/teams/9/,Rosenborg BK,Tippeligaen,70
https://www.fifaindex.com/teams/9/,Bristol City,FL Championship,70
https://www.fifaindex.com/teams/9/,Akhisarspor,Süper Lig,70
https://www.fifaindex.com/teams/9/,FC Groningen,Eredivisie,70
https://www.fifaindex.com/teams/9/,Querétaro,LIGA Bancomer MX,70
https://www.fifaindex.com/teams/9/,Real Oviedo,Liga Adelante,70
https://www.fifaindex.com/teams/9/,Brentford,FL Championship,70
https://www.fifaindex.com/teams/9/,Deportivo Cali,Liga Dimayor,70
https://www.fifaindex.com/teams/9/,FC Midtjylland,Alka Superliga,70
https://www.fifaindex.com/teams/9/,F. Düsseldorf,Bundesliga 2,70
https://www.fifaindex.com/teams/9/,Cádiz C.F.,Liga Adelante,70
https://www.fifaindex.com/teams/9/,Ponte Preta,Liga do Brasil,70
https://www.fifaindex.com/teams/9/,UD Almería,Liga Adelante,70
https://www.fifaindex.com/teams/9/,FC Dallas,MLS,70
https://www.fifaindex.com/teams/9/,Crotone,Serie A TIM,70
https://www.fifaindex.com/teams/9/,Sporting KC,MLS,70
https://www.fifaindex.com/teams/9/,QPR,FL Championship,70
https://www.fifaindex.com/teams/9/,1. FC Nürnberg,Bundesliga 2,70
https://www.fifaindex.com/teams/9/,Zulte-Waregem,Pro League,70
https://www.fifaindex.com/teams/9/,Kaizer Chiefs,Rest of World,70
https://www.fifaindex.com/teams/10/,AS Nancy,Ligue 2,70
https://www.fifaindex.com/teams/10/,NY Red Bulls,MLS,69
https://www.fifaindex.com/teams/10/,Suwon Bluewings,K LEAGUE Classic,69
https://www.fifaindex.com/teams/10/,Deportes Tolima,Liga Dimayor,69
https://www.fifaindex.com/teams/10/,Tigre,Primera División,69
https://www.fifaindex.com/teams/10/,NYCFC,MLS,69
https://www.fifaindex.com/teams/10/,New England,MLS,69
https://www.fifaindex.com/teams/10/,Braunschweig,Bundesliga 2,69
https://www.fifaindex.com/teams/10/,Millonarios,Liga Dimayor,69
https://www.fifaindex.com/teams/10/,Parma,Serie B,69
https://www.fifaindex.com/teams/10/,KV Kortrijk,Pro League,69
https://www.fifaindex.com/teams/10/,RC Lens,Ligue 2,69
https://www.fifaindex.com/teams/10/,Jeonbuk Hyundai,K LEAGUE Classic,69
https://www.fifaindex.com/teams/10/,Yeni Malatyaspor,Süper Lig,69
https://www.fifaindex.com/teams/10/,Frosinone,Serie B,69
https://www.fifaindex.com/teams/10/,Banfield,Primera División,69
https://www.fifaindex.com/teams/10/,Kashima Antlers,Japan J1 League (1),69
https://www.fifaindex.com/teams/10/,CD Numancia,Liga Adelante,69
https://www.fifaindex.com/teams/10/,Indep. Medellín,Liga Dimayor,69
https://www.fifaindex.com/teams/10/,Real Zaragoza,Liga Adelante,69
https://www.fifaindex.com/teams/10/,Ipswich,FL Championship,69
https://www.fifaindex.com/teams/10/,Veracruz,LIGA Bancomer MX,69
https://www.fifaindex.com/teams/10/,Heracles Almelo,Eredivisie,69
https://www.fifaindex.com/teams/10/,Houston Dynamo,MLS,69
https://www.fifaindex.com/teams/10/,Kaiserslautern,Bundesliga 2,69
https://www.fifaindex.com/teams/10/,Godoy Cruz,Primera División,69
https://www.fifaindex.com/teams/10/,Córdoba CF,Liga Adelante,69
https://www.fifaindex.com/teams/10/,Lechia Gdańsk,Ekstraklasa,69
https://www.fifaindex.com/teams/10/,FC Sion,Raiffeisen SL,69
https://www.fifaindex.com/teams/10/,Preston,FL Championship,69
https://www.fifaindex.com/teams/11/,Estoril Praia,Liga NOS,69
https://www.fifaindex.com/teams/11/,La Spezia,Serie B,69
https://www.fifaindex.com/teams/11/,Wanderers,Camp. Scotiabank,69
https://www.fifaindex.com/teams/11/,Malmö FF,Allsvenskan,69
https://www.fifaindex.com/teams/11/,F. Santa Maria,Liga NOS,69
https://www.fifaindex.com/teams/11/,Stade de Reims,Ligue 2,69
https://www.fifaindex.com/teams/11/,Brøndby IF,Alka Superliga,69
https://www.fifaindex.com/teams/11/,Montreal Impact,MLS,69
https://www.fifaindex.com/teams/11/,Chapecoense,Liga do Brasil,69
https://www.fifaindex.com/teams/11/,Cremonese,Serie B,69
https://www.fifaindex.com/teams/11/,Sp. Charleroi,Pro League,69
https://www.fifaindex.com/teams/11/,SD Huesca,Liga Adelante,69
https://www.fifaindex.com/teams/11/,Philadelphia,MLS,69
https://www.fifaindex.com/teams/11/,Gençlerbirliği,Süper Lig,69
https://www.fifaindex.com/teams/11/,Greuther Fürth,Bundesliga 2,69
https://www.fifaindex.com/teams/11/,KV Mechelen,Pro League,69
https://www.fifaindex.com/teams/11/,Atlético Tucumán,Primera División,69
https://www.fifaindex.com/teams/11/,FC Twente,Eredivisie,69
https://www.fifaindex.com/teams/11/,SJ Earthquakes,MLS,69
https://www.fifaindex.com/teams/11/,Jeju United,K LEAGUE Classic,69
https://www.fifaindex.com/teams/11/,AD Alcorcón,Liga Adelante,69
https://www.fifaindex.com/teams/11/,Audax Italiano,Camp. Scotiabank,69
https://www.fifaindex.com/teams/11/,Avaí,Liga do Brasil,69
https://www.fifaindex.com/teams/11/,Moreirense,Liga NOS,69
https://www.fifaindex.com/teams/11/,Pescara,Serie B,69
https://www.fifaindex.com/teams/11/,G. La Plata,Primera División,69
https://www.fifaindex.com/teams/11/,Arsenal Tula,Russian League,69
https://www.fifaindex.com/teams/11/,CD Lugo,Liga Adelante,69
https://www.fifaindex.com/teams/11/,Anzhi Makhachkala,Russian League,69
https://www.fifaindex.com/teams/11/,Ulsan Hyundai,K LEAGUE Classic,68
https://www.fifaindex.com/teams/12/,FC Barcelona B,Liga Adelante,68
https://www.fifaindex.com/teams/12/,Vissel Kobe,Japan J1 League (1),68
https://www.fifaindex.com/teams/12/,KAS Eupen,Pro League,68
https://www.fifaindex.com/teams/12/,Waasl. Beveren,Pro League,68
https://www.fifaindex.com/teams/12/,Jagiellonia,Ekstraklasa,68
https://www.fifaindex.com/teams/12/,Empoli,Serie B,68
https://www.fifaindex.com/teams/12/,Real Salt Lake,MLS,68
https://www.fifaindex.com/teams/12/,AJ Auxerre,Ligue 2,68
https://www.fifaindex.com/teams/12/,CF Reus Deportiu,Liga Adelante,68
https://www.fifaindex.com/teams/12/,Salerno,Serie B,68
https://www.fifaindex.com/teams/12/,América de Cali,Liga Dimayor,68
https://www.fifaindex.com/teams/12/,Puebla,LIGA Bancomer MX,68
https://www.fifaindex.com/teams/12/,BSC Young Boys,Raiffeisen SL,68
https://www.fifaindex.com/teams/12/,Arminia Bielefeld,Bundesliga 2,68
https://www.fifaindex.com/teams/12/,Al Ittihad,ALJ League,68
https://www.fifaindex.com/teams/12/,Urawa Diamonds,Japan J1 League (1),68
https://www.fifaindex.com/teams/12/,SK Rapid Wien,Ö. Bundesliga,68
https://www.fifaindex.com/teams/12/,Cultural Leonesa,Liga Adelante,68
https://www.fifaindex.com/teams/12/,Fl. Varela,Primera División,68
https://www.fifaindex.com/teams/12/,SV Sandhausen,Bundesliga 2,68
https://www.fifaindex.com/teams/12/,Sint-Truiden,Pro League,68
https://www.fifaindex.com/teams/12/,Portimão,Liga NOS,68
https://www.fifaindex.com/teams/12/,Aberdeen,Scottish Prem,68
https://www.fifaindex.com/teams/12/,Once Caldas,Liga Dimayor,68
https://www.fifaindex.com/teams/12/,Wisła Kraków,Ekstraklasa,68
https://www.fifaindex.com/teams/12/,Kashiwa Reysol,Japan J1 League (1),68
https://www.fifaindex.com/teams/12/,Sheffield Utd,FL Championship,68
https://www.fifaindex.com/teams/12/,Águilas Doradas,Liga Dimayor,68
https://www.fifaindex.com/teams/12/,Albacete,Liga Adelante,68
https://www.fifaindex.com/teams/12/,Antwerp,Pro League,68
https://www.fifaindex.com/teams/13/,Burton Albion,FL Championship,68
https://www.fifaindex.com/teams/13/,Deportes Temuco,Camp. Scotiabank,68
https://www.fifaindex.com/teams/13/,Kawasaki Front.,Japan J1 League (1),68
https://www.fifaindex.com/teams/13/,PEC Zwolle,Eredivisie,68
https://www.fifaindex.com/teams/13/,D.C. United,MLS,68
https://www.fifaindex.com/teams/13/,San Luis,Camp. Scotiabank,68
https://www.fifaindex.com/teams/13/,Tondela,Liga NOS,68
https://www.fifaindex.com/teams/13/,Dynamo Dresden,Bundesliga 2,68
https://www.fifaindex.com/teams/13/,BK Häcken,Allsvenskan,68
https://www.fifaindex.com/teams/13/,Belgrano,Primera División,68
https://www.fifaindex.com/teams/13/,Melbourne City,Hyundai A-League,68
https://www.fifaindex.com/teams/13/,FC Ural,Russian League,68
https://www.fifaindex.com/teams/13/,Sevilla Atlét.,Liga Adelante,68
https://www.fifaindex.com/teams/13/,Bolton,FL Championship,68
https://www.fifaindex.com/teams/13/,Orlando Pirates,Rest of World,68
https://www.fifaindex.com/teams/13/,Lobos B.U.A.P.,LIGA Bancomer MX,68
https://www.fifaindex.com/teams/13/,Vitória,Liga do Brasil,68
https://www.fifaindex.com/teams/13/,ADO Den Haag,Eredivisie,68
https://www.fifaindex.com/teams/13/,Sport. Lokeren,Pro League,68
https://www.fifaindex.com/teams/13/,Stade Brestois,Ligue 2,68
https://www.fifaindex.com/teams/13/,Perugia,Serie B,68
https://www.fifaindex.com/teams/13/,Austria Wien,Ö. Bundesliga,68
https://www.fifaindex.com/teams/13/,1. FC Heidenheim,Bundesliga 2,68
https://www.fifaindex.com/teams/13/,Colorado Rapids,MLS,68
https://www.fifaindex.com/teams/13/,Sangju Sangmu,K LEAGUE Classic,68
https://www.fifaindex.com/teams/13/,Newell's,Primera División,68
https://www.fifaindex.com/teams/13/,Śląsk Wrocław,Ekstraklasa,67
https://www.fifaindex.com/teams/13/,FC Sochaux,Ligue 2,67
https://www.fifaindex.com/teams/13/,Novara,Serie B,67
https://www.fifaindex.com/teams/13/,La Equidad,Liga Dimayor,67
https://www.fifaindex.com/teams/14/,Hearts,Scottish Prem,67
https://www.fifaindex.com/teams/14/,Grasshopper,Raiffeisen SL,67
https://www.fifaindex.com/teams/14/,Avellino,Serie B,67
https://www.fifaindex.com/teams/14/,AC Ajaccio,Ligue 2,67
https://www.fifaindex.com/teams/14/,Cerezo Osaka,Japan J1 League (1),67
https://www.fifaindex.com/teams/14/,AIK,Allsvenskan,67
https://www.fifaindex.com/teams/14/,Djurgårdens IF,Allsvenskan,67
https://www.fifaindex.com/teams/14/,Gamba Osaka,Japan J1 League (1),67
https://www.fifaindex.com/teams/14/,FC Seoul,K LEAGUE Classic,67
https://www.fifaindex.com/teams/14/,FC Tosno,Russian League,67
https://www.fifaindex.com/teams/14/,F.C. Tokyo,Japan J1 League (1),67
https://www.fifaindex.com/teams/14/,Sydney FC,Hyundai A-League,67
https://www.fifaindex.com/teams/14/,Minnesota United FC,MLS,67
https://www.fifaindex.com/teams/14/,Holstein Kiel,Bundesliga 2,67
https://www.fifaindex.com/teams/14/,Erzgebirge Aue,Bundesliga 2,67
https://www.fifaindex.com/teams/14/,IF Elfsborg,Allsvenskan,67
https://www.fifaindex.com/teams/14/,Pohang Steelers,K LEAGUE Classic,67
https://www.fifaindex.com/teams/14/,Venezia,Serie B,67
https://www.fifaindex.com/teams/14/,Molde FK,Tippeligaen,67
https://www.fifaindex.com/teams/14/,Barnsley,FL Championship,67
https://www.fifaindex.com/teams/14/,Melb. Victory,Hyundai A-League,67
https://www.fifaindex.com/teams/14/,Sanfrecce Hiroshima,Japan J1 League (1),67
https://www.fifaindex.com/teams/14/,Nîmes Olympique,Ligue 2,67
https://www.fifaindex.com/teams/14/,Pogoń Szczecin,Ekstraklasa,67
https://www.fifaindex.com/teams/14/,Jeonnam Dragons,K LEAGUE Classic,67
https://www.fifaindex.com/teams/14/,Excelsior,Eredivisie,67
https://www.fifaindex.com/teams/14/,Blackburn Rovers,Football League 1,67
https://www.fifaindex.com/teams/14/,Wigan Athletic,Football League 1,67
https://www.fifaindex.com/teams/14/,Millwall,FL Championship,67
https://www.fifaindex.com/teams/14/,VVV-Venlo,Eredivisie,67
https://www.fifaindex.com/teams/15/,Tours FC,Ligue 2,67
https://www.fifaindex.com/teams/15/,Sparta R'dam,Eredivisie,67
https://www.fifaindex.com/teams/15/,Cesena,Serie B,67
https://www.fifaindex.com/teams/15/,Lorca Deportiva,Liga Adelante,67
https://www.fifaindex.com/teams/15/,Brisigonza,Serie B,67
https://www.fifaindex.com/teams/15/,Patronato,Primera División,67
https://www.fifaindex.com/teams/15/,Vélez Sarsfield,Primera División,67
https://www.fifaindex.com/teams/15/,Curicó Unido,Camp. Scotiabank,67
https://www.fifaindex.com/teams/15/,Willem II,Eredivisie,67
https://www.fifaindex.com/teams/15/,MSV Duisburg,Bundesliga 2,67
https://www.fifaindex.com/teams/15/,Oxford United,Football League 1,67
https://www.fifaindex.com/teams/15/,CD Palestino,Camp. Scotiabank,67
https://www.fifaindex.com/teams/15/,Amkar Perm,Russian League,67
https://www.fifaindex.com/teams/15/,Unión,Primera División,67
https://www.fifaindex.com/teams/15/,SK Brann,Tippeligaen,67
https://www.fifaindex.com/teams/15/,Roda JC,Eredivisie,67
https://www.fifaindex.com/teams/15/,Carpi,Serie B,67
https://www.fifaindex.com/teams/15/,Atlético-GO,Liga do Brasil,67
https://www.fifaindex.com/teams/15/,Bahía Blanca,Primera División,67
https://www.fifaindex.com/teams/15/,Valenciennes FC,Ligue 2,67
https://www.fifaindex.com/teams/15/,San Juan,Primera División,67
https://www.fifaindex.com/teams/15/,Shimizu,Japan J1 League (1),66
https://www.fifaindex.com/teams/15/,Al Faisaly,ALJ League,66
https://www.fifaindex.com/teams/15/,Brisbane Roar,Hyundai A-League,66
https://www.fifaindex.com/teams/15/,Karlsruher SC,Germany 3. Liga (3),66
https://www.fifaindex.com/teams/15/,Strømsgodset IF,Tippeligaen,66
https://www.fifaindex.com/teams/15/,Al Shabab,ALJ League,66
https://www.fifaindex.com/teams/15/,Deportivo Pasto,Liga Dimayor,66
https://www.fifaindex.com/teams/15/,FC St. Gallen,Raiffeisen SL,66
https://www.fifaindex.com/teams/15/,IFK Göteborg,Allsvenskan,66
https://www.fifaindex.com/teams/16/,Atlético Bucaramanga,Liga Dimayor,66
https://www.fifaindex.com/teams/16/,WS Wanderers,Hyundai A-League,66
https://www.fifaindex.com/teams/16/,SKA Khabarovsk,Russian League,66
https://www.fifaindex.com/teams/16/,Southend United,Football League 1,66
https://www.fifaindex.com/teams/16/,CA Talleres,Primera División,66
https://www.fifaindex.com/teams/16/,Al. Petrolera,Liga Dimayor,66
https://www.fifaindex.com/teams/16/,Sarandí,Primera División,66
https://www.fifaindex.com/teams/16/,SK Sturm Graz,Ö. Bundesliga,66
https://www.fifaindex.com/teams/16/,Sagan Tosu,Japan J1 League (1),66
https://www.fifaindex.com/teams/16/,Aarhus GF,Alka Superliga,66
https://www.fifaindex.com/teams/16/,Yokohama F·Marinos,Japan J1 League (1),66
https://www.fifaindex.com/teams/16/,Brescia,Serie B,66
https://www.fifaindex.com/teams/16/,Foggia,Serie B,66
https://www.fifaindex.com/teams/16/,Östersunds FK,Allsvenskan,66
https://www.fifaindex.com/teams/16/,US Orléans,Ligue 2,66
https://www.fifaindex.com/teams/16/,Hammarby IF,Allsvenskan,66
https://www.fifaindex.com/teams/16/,Vålerenga Fotball,Tippeligaen,66
https://www.fifaindex.com/teams/16/,Al Fayha,ALJ League,66
https://www.fifaindex.com/teams/16/,NAC Breda,Eredivisie,66
https://www.fifaindex.com/teams/16/,SSV Jahn,Bundesliga 2,66
https://www.fifaindex.com/teams/16/,Charlton Ath,Football League 1,66
https://www.fifaindex.com/teams/16/,Zagłębie Lubin,Ekstraklasa,66
https://www.fifaindex.com/teams/16/,MK Dons,Football League 1,66
https://www.fifaindex.com/teams/16/,Bourg-Péronnas,Ligue 2,66
https://www.fifaindex.com/teams/16/,1. FC Magdeburg,Germany 3. Liga (3),66
https://www.fifaindex.com/teams/16/,Randers FC,Alka Superliga,66
https://www.fifaindex.com/teams/16/,Scunthorpe Utd,Football League 1,66
https://www.fifaindex.com/teams/16/,LB Châteauroux,Ligue 2,66
https://www.fifaindex.com/teams/16/,Borgocalcio,Serie B,66
https://www.fifaindex.com/teams/16/,Kalmar FF,Allsvenskan,66
https://www.fifaindex.com/teams/17/,Odds BK,Tippeligaen,66
https://www.fifaindex.com/teams/17/,Jaguares,Liga Dimayor,66
https://www.fifaindex.com/teams/17/,Termalica,Ekstraklasa,66
https://www.fifaindex.com/teams/17/,FC Zürich,Raiffeisen SL,66
https://www.fifaindex.com/teams/17/,Le Havre AC,Ligue 2,66
https://www.fifaindex.com/teams/17/,Royal Mouscron,Pro League,66
https://www.fifaindex.com/teams/17/,IFK Norrköping,Allsvenskan,66
https://www.fifaindex.com/teams/17/,Atlético Huila,Liga Dimayor,66
https://www.fifaindex.com/teams/17/,GFC Ajaccio,Ligue 2,66
https://www.fifaindex.com/teams/17/,Würzburger Kickers,Germany 3. Liga (3),66
https://www.fifaindex.com/teams/17/,SCR Altach,Ö. Bundesliga,66
https://www.fifaindex.com/teams/17/,Al Raed,ALJ League,65
https://www.fifaindex.com/teams/17/,Perth Glory,Hyundai A-League,65
https://www.fifaindex.com/teams/17/,Arka Gdynia,Ekstraklasa,65
https://www.fifaindex.com/teams/17/,Kilmarnock,Scottish Prem,65
https://www.fifaindex.com/teams/17/,VfR Aalen,Germany 3. Liga (3),65
https://www.fifaindex.com/teams/17/,Cortuluá,Liga Dimayor,65
https://www.fifaindex.com/teams/17/,Portsmouth,Football League 1,65
https://www.fifaindex.com/teams/17/,Preußen Münster,Germany 3. Liga (3),65
https://www.fifaindex.com/teams/17/,Paris FC,Ligue 2,65
https://www.fifaindex.com/teams/17/,Cracovia,Ekstraklasa,65
https://www.fifaindex.com/teams/17/,FC Nordsjælland,Alka Superliga,65
https://www.fifaindex.com/teams/17/,Cham. Niortais,Ligue 2,65
https://www.fifaindex.com/teams/17/,SV Wehen,Germany 3. Liga (3),65
https://www.fifaindex.com/teams/17/,Plymouth Argyle,Football League 1,65
https://www.fifaindex.com/teams/17/,Patriotas,Liga Dimayor,65
https://www.fifaindex.com/teams/17/,Odense BK,Alka Superliga,65
https://www.fifaindex.com/teams/17/,FC Lugano,Raiffeisen SL,65
https://www.fifaindex.com/teams/17/,Rotherham Utd,Football League 1,65
https://www.fifaindex.com/teams/17/,SønderjyskE,Alka Superliga,65
https://www.fifaindex.com/teams/18/,Gangwon FC,K LEAGUE Classic,65
https://www.fifaindex.com/teams/18/,St. Johnstone,Scottish Prem,65
https://www.fifaindex.com/teams/18/,VfL Osnabrück,Germany 3. Liga (3),65
https://www.fifaindex.com/teams/18/,Ross County,Scottish Prem,65
https://www.fifaindex.com/teams/18/,Bury,Football League 1,65
https://www.fifaindex.com/teams/18/,Sarpsborg 08 FF,Tippeligaen,65
https://www.fifaindex.com/teams/18/,Clermont Foot,Ligue 2,65
https://www.fifaindex.com/teams/18/,Al Taawoun,ALJ League,65
https://www.fifaindex.com/teams/18/,Adelaide United,Hyundai A-League,65
https://www.fifaindex.com/teams/18/,FC Luzern,Raiffeisen SL,65
https://www.fifaindex.com/teams/18/,Hibernian,Scottish Prem,65
https://www.fifaindex.com/teams/18/,Sportfreunde Lotte,Germany 3. Liga (3),65
https://www.fifaindex.com/teams/18/,Bradford City,Football League 1,65
https://www.fifaindex.com/teams/18/,Hansa Rostock,Germany 3. Liga (3),65
https://www.fifaindex.com/teams/18/,Temperley,Primera División,65
https://www.fifaindex.com/teams/18/,Lyngby BK,Alka Superliga,65
https://www.fifaindex.com/teams/18/,Chemnitzer FC,Germany 3. Liga (3),65
https://www.fifaindex.com/teams/18/,Piast Gliwice,Ekstraklasa,65
https://www.fifaindex.com/teams/18/,Incheon United,K LEAGUE Classic,65
https://www.fifaindex.com/teams/18/,SG Sonnenhof Großaspach,Germany 3. Liga (3),65
https://www.fifaindex.com/teams/18/,Stabæk Fotball,Tippeligaen,65
https://www.fifaindex.com/teams/18/,Korona Kielce,Ekstraklasa,65
https://www.fifaindex.com/teams/18/,Argentinos Jrs.,Primera División,65
https://www.fifaindex.com/teams/18/,Al Qadisiyah,ALJ League,65
https://www.fifaindex.com/teams/18/,Aalborg BK,Alka Superliga,65
https://www.fifaindex.com/teams/18/,Daegu FC,K LEAGUE Classic,65
https://www.fifaindex.com/teams/18/,Luton Town,Football League 2,64
https://www.fifaindex.com/teams/18/,Rochdale,Football League 1,64
https://www.fifaindex.com/teams/18/,Iwata,Japan J1 League (1),64
https://www.fifaindex.com/teams/18/,Hobro IK,Alka Superliga,64
https://www.fifaindex.com/teams/19/,Viking FK,Tippeligaen,64
https://www.fifaindex.com/teams/19/,Omiya Ardija,Japan J1 League (1),64
https://www.fifaindex.com/teams/19/,FC Lausanne,Raiffeisen SL,64
https://www.fifaindex.com/teams/19/,Hokkaido Consadole Sapporo,Japan J1 League (1),64
https://www.fifaindex.com/teams/19/,Cittadella,Serie B,64
https://www.fifaindex.com/teams/19/,Aalesunds FK,Tippeligaen,64
https://www.fifaindex.com/teams/19/,Al Fateh,ALJ League,64
https://www.fifaindex.com/teams/19/,FSV Zwickau,Germany 3. Liga (3),64
https://www.fifaindex.com/teams/19/,IK Sirius,Allsvenskan,64
https://www.fifaindex.com/teams/19/,Partick Thistle,Scottish Prem,64
https://www.fifaindex.com/teams/19/,Terni,Serie B,64
https://www.fifaindex.com/teams/19/,Lillestrøm SK,Tippeligaen,64
https://www.fifaindex.com/teams/19/,Well. Phoenix,Hyundai A-League,64
https://www.fifaindex.com/teams/19/,Walsall,Football League 1,64
https://www.fifaindex.com/teams/19/,AFC Wimbledon,Football League 1,64
https://www.fifaindex.com/teams/19/,Northampton,Football League 1,64
https://www.fifaindex.com/teams/19/,Central Coast,Hyundai A-League,64
https://www.fifaindex.com/teams/19/,Örebro SK,Allsvenskan,64
https://www.fifaindex.com/teams/19/,Mansfield Town,Football League 2,64
https://www.fifaindex.com/teams/19/,Górnik Zabrze,Ekstraklasa,64
https://www.fifaindex.com/teams/19/,LASK Linz,Ö. Bundesliga,64
https://www.fifaindex.com/teams/19/,SV Mattersburg,Ö. Bundesliga,64
https://www.fifaindex.com/teams/19/,Wisła Płock,Ekstraklasa,64
https://www.fifaindex.com/teams/19/,Bristol Rovers,Football League 1,64
https://www.fifaindex.com/teams/19/,Doncaster,Football League 1,64
https://www.fifaindex.com/teams/19/,Oldham Athletic,Football League 1,64
https://www.fifaindex.com/teams/19/,Notts County,Football League 2,64
https://www.fifaindex.com/teams/19/,Tromsø IL,Tippeligaen,64
https://www.fifaindex.com/teams/19/,Chacarita Juniors,Primera División,64
https://www.fifaindex.com/teams/19/,SC Paderborn,Germany 3. Liga (3),64
https://www.fifaindex.com/teams/20/,Fortuna Köln,Germany 3. Liga (3),64
https://www.fifaindex.com/teams/20/,Envigado,Liga Dimayor,64
https://www.fifaindex.com/teams/20/,Vercelli,Serie B,64
https://www.fifaindex.com/teams/20/,Jönköpings Södra IF,Allsvenskan,64
https://www.fifaindex.com/teams/20/,FK Haugesund,Tippeligaen,64
https://www.fifaindex.com/teams/20/,Peterborough,Football League 1,64
https://www.fifaindex.com/teams/20/,US Quevilly Rouen,Ligue 2,63
https://www.fifaindex.com/teams/20/,Vegalta Sendai,Japan J1 League (1),63
https://www.fifaindex.com/teams/20/,GwangJu FC,K LEAGUE Classic,63
https://www.fifaindex.com/teams/20/,Ventforet Kofu,Japan J1 League (1),63
https://www.fifaindex.com/teams/20/,Sandecja Nowy Sącz,Ekstraklasa,63
https://www.fifaindex.com/teams/20/,Admira Wacker,Ö. Bundesliga,63
https://www.fifaindex.com/teams/20/,Newcastle Jets,Hyundai A-League,63
https://www.fifaindex.com/teams/20/,Sandefjord,Tippeligaen,63
https://www.fifaindex.com/teams/20/,Silkeborg IF,Alka Superliga,63
https://www.fifaindex.com/teams/20/,Al-Ettifaq,ALJ League,63
https://www.fifaindex.com/teams/20/,Rot-Weiß Erfurt,Germany 3. Liga (3),63
https://www.fifaindex.com/teams/20/,Wycombe,Football League 2,63
https://www.fifaindex.com/teams/20/,Hallescher FC,Germany 3. Liga (3),63
https://www.fifaindex.com/teams/20/,Shrewsbury,Football League 1,63
https://www.fifaindex.com/teams/20/,Sogndal,Tippeligaen,63
https://www.fifaindex.com/teams/20/,Carl Zeiss Jena,Germany 3. Liga (3),63
https://www.fifaindex.com/teams/20/,Exeter City,Football League 2,63
https://www.fifaindex.com/teams/20/,Hamilton,Scottish Prem,63
https://www.fifaindex.com/teams/20/,Fleetwood Town,Football League 1,63
https://www.fifaindex.com/teams/20/,Blackpool,Football League 1,63
https://www.fifaindex.com/teams/20/,Coventry City,Football League 2,63
https://www.fifaindex.com/teams/20/,AFC Eskilstuna,Allsvenskan,63
https://www.fifaindex.com/teams/20/,Tigres FC,Liga Dimayor,63
https://www.fifaindex.com/teams/20/,Wolfsberger AC,Ö. Bundesliga,63
https://www.fifaindex.com/teams/21/,Dundee FC,Scottish Prem,63
https://www.fifaindex.com/teams/21/,HJK Helsinki,Rest of World,63
https://www.fifaindex.com/teams/21/,Carlisle United,Football League 2,63
https://www.fifaindex.com/teams/21/,Colchester,Football League 2,63
https://www.fifaindex.com/teams/21/,Al Batin,ALJ League,62
https://www.fifaindex.com/teams/21/,AC Horsens,Alka Superliga,62
https://www.fifaindex.com/teams/21/,Port Vale,Football League 2,62
https://www.fifaindex.com/teams/21/,Albirex Niigata,Japan J1 League (1),62
https://www.fifaindex.com/teams/21/,Kristiansund BK,Tippeligaen,62
https://www.fifaindex.com/teams/21/,SKN St. Pölten,Ö. Bundesliga,62
https://www.fifaindex.com/teams/21/,Motherwell,Scottish Prem,62
https://www.fifaindex.com/teams/21/,Cambridge Utd,Football League 2,62
https://www.fifaindex.com/teams/21/,Chesterfield,Football League 2,62
https://www.fifaindex.com/teams/21/,GIF Sundsvall,Allsvenskan,62
https://www.fifaindex.com/teams/21/,Gillingham,Football League 1,62
https://www.fifaindex.com/teams/21/,Crawley Town,Football League 2,62
https://www.fifaindex.com/teams/21/,Werder Bremen II,Germany 3. Liga (3),62
https://www.fifaindex.com/teams/21/,FC Thun,Raiffeisen SL,62
https://www.fifaindex.com/teams/21/,Grimsby Town,Football League 2,62
https://www.fifaindex.com/teams/21/,Swindon Town,Football League 2,62
https://www.fifaindex.com/teams/21/,Lincoln City,Football League 2,62
https://www.fifaindex.com/teams/21/,Dundalk,SSE Airtricity Lge,61
https://www.fifaindex.com/teams/21/,SV Meppen,Germany 3. Liga (3),61
https://www.fifaindex.com/teams/21/,Halmstads BK,Allsvenskan,61
https://www.fifaindex.com/teams/21/,Barnet,Football League 2,61
https://www.fifaindex.com/teams/21/,Morecambe,Football League 2,61
https://www.fifaindex.com/teams/21/,Yeovil Town,Football League 2,61
https://www.fifaindex.com/teams/21/,Newport County,Football League 2,61
https://www.fifaindex.com/teams/21/,Cheltenham Town,Football League 2,61
https://www.fifaindex.com/teams/21/,Ohod Club,ALJ League,61
https://www.fifaindex.com/teams/22/,Forest Green Rovers,Football League 2,61
https://www.fifaindex.com/teams/22/,Crewe Alexandra,Football League 2,60
https://www.fifaindex.com/teams/22/,Cork City,SSE Airtricity Lge,60
https://www.fifaindex.com/teams/22/,St. Pats,SSE Airtricity Lge,60
https://www.fifaindex.com/teams/22/,Stevenage,Football League 2,60
https://www.fifaindex.com/teams/22/,Accrington,Football League 2,60
https://www.fifaindex.com/teams/22/,Shamrock Rovers,SSE Airtricity Lge,60
https://www.fifaindex.com/teams/22/,FC Helsingør,Alka Superliga,59
https://www.fifaindex.com/teams/22/,Bohemian FC,SSE Airtricity Lge,58
https://www.fifaindex.com/teams/22/,Derry City,SSE Airtricity Lge,58
https://www.fifaindex.com/teams/22/,Sligo Rovers,SSE Airtricity Lge,58
https://www.fifaindex.com/teams/22/,Finn Harps,SSE Airtricity Lge,57
https://www.fifaindex.com/teams/22/,Bray Wanderers,SSE Airtricity Lge,57
https://www.fifaindex.com/teams/22/,Limerick,SSE Airtricity Lge,57
https://www.fifaindex.com/teams/22/,Drogheda Utd,SSE Airtricity Lge,56
https://www.fifaindex.com/teams/22/,Galway United,SSE Airtricity Lge,56
https://www.fifaindex.com/teams/22/,Free Agents,Free Agents,0
